28 64 64
0.001
0.01
0.9
-0.03199131159444401 -0.0376887219140164 -0.42411121990251194 -0.10713940785249411 0.5322672923919529 0.034909038490379025 -0.007824236797519223 -0.13883815420764994 -0.2620227173910357 0.09362775696973756 0.1439622412358739 -0.36542829132276455 -0.18831750187000787 0.4480528726439231 0.16621188274246132 0.13389386644754567 -0.6611440092487361 0.09133589363078766 -0.0713738328566527 -0.33989505719425195 -0.05744824940313071 0.16947987948700385 0.09921784582434905 0.16976203083753538 -0.08369923928686458 0.02809719870904609 3.9449682979417433E-4 0.09505997209773578
-0.029214550740604577 -0.04965866938564874 0.061690047960088736 -0.12321782229831361 5.64960397958482E-4 -0.01552781448411694 0.06722387515695465 0.024685990104639396 -0.41995917416316064 -0.10223699956667319 -0.12723766389161695 -0.08564177557784555 -0.03310646728353607 -0.11034331263205877 -0.12158593029703073 0.40405948643140593 -0.057973586668083395 0.028664675768265757 -0.06381673808531559 -0.010478780459948952 0.005054751082019451 0.02068793898217831 2.076383008047773 0.04934749940856212 0.5504946475064286 0.0050075719530147745 -0.0627247931898616 -0.0162933054928848
-0.24239851519196445 0.332576033509852 0.2664273302988173 -0.24545289104999046 -0.35752081561529914 -0.05802943095331815 -0.2192226052472555 0.18597317223018694 0.6195996462068486 0.16519726421532738 0.006526064661705554 -0.06201558077544617 0.02769035471516156 0.0790755535392548 -0.034009087967896465 -0.3038345925465039 0.10095283028797868 -0.6659029655915712 0.1876467789644723 0.2742573545701954 -0.0999848145323624 -0.6786302210174929 0.07311916207094003 -0.32608293244778197 -0.3069261976072721 0.15118033677912648 -0.22118208090217117 -0.1957077400965468
-0.18510909151293448 -0.2621684026460639 0.28790687902447254 -0.13343739735106586 -0.10407366770934727 0.1696823657566307 0.0965470026461327 0.42667666705492063 -0.13274563531993505 -0.1431853341286492 0.35827119930199375 0.3504273512791746 0.17167543435311844 -0.061151389899876916 -0.31656355085741567 0.04039675810208298 -0.026194606502531827 -0.19183192765307885 -0.4970520465652629 -0.2947381858208166 -0.04714921603367271 0.293441553370937 -0.3253288625363798 -0.41806496082023065 0.08771674970717014 0.07952805066614632 -0.15520641833016707 -0.13351450971041542
0.18553757153835929 -0.13271419611926408 -0.2648470230499499 -0.020506157808785296 0.1017571845295315 -7.516005213742224E-4 0.45107417090107677 -0.37527602992169773 0.6559686972547066 0.10538572746816317 -0.15300869019012492 0.25665364647416117 -0.22087811043190908 -0.04302247785542413 0.03350307686220224 -0.30020340238549453 0.2805236832273544 -0.22495799661825985 -0.19133016430515648 -0.12652526858978094 0.07305374314174468 -0.11435550697389073 -0.22585749526099477 -0.07202462041273247 -0.15959080975708784 -0.33699859839355756 0.24102877061511818 0.024778252672920373
0.06936121684459423 -0.06638249998139419 -0.17127106199022457 -0.45348817560446464 -0.04278529603486595 -0.22740328304180643 0.06312878205989457 0.4015543205060289 -0.009411512141398957 0.035708497274488944 0.205884251189824 0.4630818060707048 -0.40040913418575885 -0.04025655166348058 0.3136061777107061 -0.2264423577742094 -0.154813727895285 -0.16500308605239167 -0.1542081086033909 -0.17689846728837716 0.21005244567314763 0.16301287584065513 -0.07715661591612569 0.21552841857165142 0.05140122307365601 -0.3725057351247256 -0.09587221307048373 -0.24911604168267623
0.43108618130565557 -0.10067961661388247 0.342298649610549 -0.16062828568784684 0.16084542574168903 0.2071404746919023 0.36434594303829193 0.12280443999638183 -0.3199556732972549 -0.017532168905952893 -0.32372442596596085 -0.09171886523557878 -0.2052833353549986 -0.04959887511613431 0.21705615506828832 0.33052643816511756 0.11344045808578702 0.1054003866315593 0.27399002374485054 0.1477977152471042 -0.2699948715582823 -0.17842550208899455 -0.25072193976545587 0.29198540761263414 -0.3656573533779446 0.04185800771422952 -0.03200920251335351 0.1192233326428983
-0.3252190352251468 -0.27395858225718256 0.16496311531953817 0.06149275615214647 -0.16840783574666657 0.13694655976310707 -0.32178820090773863 -0.05459666277954941 -0.18281529515676273 -0.3128466069465577 0.12248059247964052 0.18284877572329322 -0.21576707672937726 0.19829244011280525 0.3491364715319858 -0.09272716061869928 0.14457706177518798 -0.46343427297719236 -0.2482854480903379 0.31361530522097236 0.028353152334177047 0.2764459662751516 0.014000799958721022 0.0246556695845779 0.05188355475732792 -0.4826183809894948 0.2593247955971079 -0.2601784215398607
-0.03600932144427126 -0.5091127774798666 0.05132320775872265 -0.03538030717272407 -0.4501825034440504 0.09851082929270595 0.10917802630889023 0.10092152330711929 -0.08220713372135229 0.050086302601842665 -0.25338939891401696 0.06343386119982117 -0.17026228731200618 -0.22463201486109913 -0.09535878222156385 0.16587298554198718 -0.16776655678926064 0.249968583444549 0.3066138803983744 -0.15285686474808088 0.1014642907908189 -0.3038506068773227 -0.04551939177297405 -0.2909648614084373 -0.171562342355968 0.3767302103198127 0.20005408823397403 -0.3473978939609095
-0.4675707978505199 0.23843740470960406 0.2021085535165197 0.7486949575572984 -0.33424339864937114 -0.1388590213606821 -0.12855457094253012 -0.3975977251450939 0.032270751100104 -0.23892030620524157 0.3544830670872353 0.12353044229272907 0.07677329338956562 0.026128153957936905 -0.10351755312302348 0.14331338149927175 -0.032839710948057814 0.06701732584022452 0.11157709726287848 0.06568629329568071 -0.032654069728504265 -0.1749707271822926 0.019466653484628116 -0.05073555949344494 -0.0527645119746072 -0.09367363805125907 -0.07670126381123514 0.24311813111378958
-0.06586129200511448 0.26330682005730277 0.047302260439637915 0.2383892374009516 -0.22182795509594738 0.07922471410524544 0.03438291729158774 -0.23113843790886085 -0.2704366903052197 -0.11943280861755985 -0.1898926015375257 0.30370051807224724 0.3533547919061821 -0.05273364075691844 -0.1168036067939797 0.2241679722200597 -0.056423660068908296 0.2287980504894388 -0.27501811842584606 0.036107390071192756 0.28680484031918363 -0.33445762786544103 -0.24046797451692198 0.0628133940320939 -0.11626178617813954 -0.6468902008111169 -0.1530503181555131 0.25256634568202
-0.4572057749265769 0.2701450935540623 0.06816395676208216 0.1774773761035795 0.10618932684279626 -0.18122451612111734 -0.3095666295111283 -0.045832893606879296 0.13677403843384714 -0.03210398478804771 -0.1363609026215259 -0.10135087005229669 -0.16898834658156509 0.4798761786042044 -0.09138561342744668 -0.1952725222515124 -0.1541344313336272 -0.001394407066146162 0.3133969368271113 0.2711895491332537 -0.4604118384019462 0.08340415392024249 0.4057247759141103 -0.2041769926763916 -0.05277921067141673 0.004648052903638144 -0.30016469802601986 -0.13515547049949136
0.013894711665839369 -0.052352768553608174 0.09719865009820311 0.19505542344821503 0.05743239714750998 0.24359968216041863 0.13522605148680886 -0.16394813926500454 -1.0111549524136365 0.05112371830023333 -0.07356388843234443 -0.0024118353113244855 -0.03223230208709392 -0.021466037468323648 0.07146442677748756 0.06205675838486443 0.05164005697964786 0.6075036060456265 -0.20082292475649394 0.05414570463686624 0.12986987453833493 -0.05974825766712783 0.8627739438705551 -0.045887422679018706 0.3494434309514296 -0.16712467925993998 0.030933184219572092 -0.066046593000542
-0.005617798029210212 -0.07243109517473802 0.007344585246712819 0.014195586811086704 0.00616819209283752 0.02180719056222148 0.01740221061281272 0.05609142012673681 0.05162555442832187 0.039997558187589564 -0.008664240637698013 0.010339831728249173 0.057962446867517406 0.014983473133094937 0.029912148038829005 -1.9879601828003801 -0.03441455408579543 -2.818733860569064 0.008412249845607385 0.0010334680140704161 -0.010031796589447615 0.027175657280296073 -0.1363061425603623 -0.02550458574368098 0.00987782385148792 -0.0013829643523644434 0.01583980744483648 -0.01941532958870582
0.17491034554904125 0.09536162310946363 0.587031494365324 0.0018068248377637304 -0.021947558128053005 0.15977584263789546 -0.04981152165819439 0.06388515250500937 0.08115509329638518 -0.4851538247527424 -0.03788040020497584 0.12462886768313736 0.3489211730207019 -0.37584990324084255 -0.3496824039974923 -0.5921529896667025 -0.3605169930063558 0.4437834792871497 -0.4095239719662095 -0.37597763289690656 0.03030624616510095 0.2575728743424285 -0.4545110433438028 0.12809303188825036 -0.4487368402337197 -0.047023003866682095 0.00786179570504067 0.34252840540316803
-0.0259794112396748 0.0658900742265646 0.011926478175690654 -0.014581742195005467 -0.02209282998496722 -0.017286599986574194 0.06400758783088122 0.051936908772425294 -0.12474838353811585 0.07757259482587685 0.025766019539881186 -0.0311977584133238 -0.012943293859911907 0.008534221088609155 -0.004423176735092877 -2.808826397038226 -0.012928592127552518 0.041315709875193625 -0.035347563636873795 0.04350706438834576 -0.03156597154515904 -0.0718941931118518 -0.05561716507467184 -0.05217750625536904 -0.04292990585231224 0.004070868980104486 0.037923855591171375 -0.033579177999997
0.1390983810287695 -0.0019397499882774802 -0.2095266878104835 0.20370452327278504 -0.06024630096356385 0.2333296636631846 0.19510857480495708 0.029127382103551442 0.2712942004630601 -0.5950321074615809 -0.2088719039484553 -0.41826910166431525 0.047471194341006634 0.07881140394634502 0.26301439523491743 -0.20132805550280294 -0.14324905791181455 0.2776714085719287 0.2790694264875887 -0.06263209955542798 -0.05037572995310501 0.511961031761149 -0.36497703701175693 0.07942625973833468 0.02750530778403333 0.007388699762855148 0.32781578222705143 -0.17631831412002216
0.07959374230551719 0.24580719054985026 -0.3767209318013355 -0.13749471951412096 -0.021234035419369378 -0.1778059864684995 -0.3961111058227393 0.36313065934154126 -0.07103226078369754 0.05520770670761092 -0.4307449165091343 0.44418891926176496 0.019981422161001527 0.1399882725318969 -0.009831145230304499 -0.08240549204561438 -0.01712839601130657 0.10001477305742562 -0.33768661175598974 0.191664338051115 -0.07792877698792428 0.048421454448373334 0.09574065575488813 0.46434206919501486 -0.1742364665883514 0.6202478000408337 0.1787394378905144 -0.23056879585340345
0.27514420086326996 0.23035883510350566 0.02882189517709529 0.01752187965789039 -0.059200931866473246 -0.6645159167708984 -0.06615021975936232 -0.3993730171472001 -0.21180752915158194 -0.33492215516803026 -0.21920419630467816 -0.24906630824380457 -0.5030474283998242 -0.5500018284425358 -0.007764247393830759 -0.20463470887126609 0.24668938027726456 0.13559743240905128 -0.6772655883842443 -0.021612496274478435 0.17247723399993398 0.17845077503443654 0.056641270917478365 0.30692726762378514 -0.034872105101592034 0.14542952305987875 0.46799727166342353 0.37275909382186934
0.16922962733249103 -0.07325062667428475 -0.02384154986746644 -0.11713125090080818 0.03741056251996791 0.35395468308847877 0.26917552322078614 0.5100660998145798 0.6338156898910682 0.21121526608524396 -0.13893043060466737 -0.2057420174853974 0.5290836399120601 -0.021995755710934543 0.0756717322768961 0.01237373384534173 -0.09239654349519383 -0.2156340216710121 0.12917420553118103 0.29998929411653147 0.16040271984214816 0.05455864666688033 0.27295868981618593 0.1401506505704316 0.27016514847522244 0.3069528447013083 -0.41617435131104363 -0.14137249026122048
0.13452979984561678 -0.05920301016514449 -0.051300567947433616 -0.06318185081565292 0.05299951444698865 0.04107211916824283 -0.009966956549401032 0.13713962662171417 -0.20790887665295787 0.015246249442764705 0.08413331964952953 -0.09363221280350187 -0.037116282346758143 0.1673296478599969 0.06542514283687186 -0.11530288353630888 -0.01975166337273308 -0.20300676588681252 0.10784407841353703 0.27675364822749404 -0.15481650483531967 0.02699493060252032 1.765157708317757 -0.03234733844634822 -0.29998186338575356 0.02940765164136246 0.12226021904015523 -0.04284768350244975
-0.6643937938924901 -0.1713714042275457 0.47081974140768434 -0.00936792199373911 0.4261439518037141 -0.29652060286159115 0.05590230761884664 -0.13689835679717727 0.35132042234609073 0.0072946644927465365 -0.16936853274197605 -0.014408617098154452 -0.17402652291237714 0.08384231917000885 0.31193521329203033 -0.23544679455920195 0.2734527250448228 0.3089737652498006 0.4927433511150651 0.22302512885958073 -0.25390505743139025 0.16806575108612784 0.4117916417535799 -0.09672534776679625 -0.1858612648419876 -0.022533727279363272 0.17331268820312018 0.32263814779272365
0.16549920232472604 -0.11008137817938712 0.022296747658821652 -0.02398298334948734 0.262085826067949 -0.13024828041819453 0.08235857211280385 0.16658010234857618 0.04457782807741788 0.013713802889428387 0.12187153324719217 0.2528980222458932 -0.11250379153834861 0.045005531236064815 0.2491350568957004 -0.027696864318196755 0.04680322754898097 -0.22377719187960904 -0.12877058507888617 0.03277108313348324 0.08707065775691007 -0.4427638310568926 0.32030805325784895 -0.3070735927049222 -0.28760939950439085 -0.26321928670984013 0.07034108571013327 -0.13170984859650373
-0.26230127988363994 -0.0032955236949434494 -0.008418829801274928 0.2904408005273262 -0.48619390379019045 -0.10732082512730608 -0.3472696218811577 -0.025755806067206316 0.4130795767353916 0.1891019033501232 -0.2765183088574144 0.04764951846018532 0.2669034318646208 -0.3312455395725384 0.27573915710894104 0.886572555909174 -0.08039203113639573 0.07916896741802493 -0.40769348401706246 0.3308060593035563 -0.1482612140992873 -0.3511530645745275 0.4861663785546966 0.4928909194675429 0.08553818048083818 -0.15175788962109832 0.5078300287370435 0.02495290231472955
-0.00908605253882393 0.17311064813667898 -0.18656585040336787 -0.34579732949698405 -0.033116170448167274 -0.3218023670817861 0.041161439250238525 0.2852930637217958 0.7380150886356129 -0.1811507844394939 0.10686314059037053 -0.15157448738671603 -0.4108777059631458 -0.014585436203838769 -0.020990359319074614 0.4409893317362527 -0.27777996628072715 0.1218836591799557 -0.2445425652168297 -0.11769169150139613 -0.403716974382468 -0.12994577276236638 0.04652004124503214 0.2731306523829404 0.2215405034956662 -0.04527890886499949 0.2438710893789925 0.3710867455005675
-0.2170799724153518 -0.0431929096316358 -0.21563203077472112 0.10574244932477811 -0.1736486085341954 -0.10348555338386042 -0.14105913455617708 -0.35177098693159375 0.38316111714837703 -0.003306603847432104 -0.162849359256408 -0.13864037515628483 -0.2203236765600147 -0.20740597012365522 0.33870306492082164 -0.13681208193410255 -0.15634022354754323 -0.24561940638092405 0.46279713876252104 0.16616307054219298 -0.2601774476036244 0.06746206217404396 0.5240002039733562 -5.443118151520107E-4 -0.3361878615523664 -0.2521172308259556 0.16555936825275336 0.1639029358739896
0.29019703121992146 0.13468752402908765 0.33137929984019243 0.34606521127447604 0.001794692596233243 -0.08463050318781265 0.46218816005856633 0.12374329808464496 0.3911406440453557 0.30408440646471324 -0.11662420404429348 -0.2911520516044869 0.44122594904312296 0.13763838099853906 0.020172366589101428 -0.11244970473704102 0.19800439797565036 0.003892786750670237 0.09878173773671309 -0.46093664438953735 -0.2994656277635771 0.004953948070747493 -0.10091276467755922 0.021846092550439882 0.39707763583900413 -0.3062361395589527 -0.32376130921474094 -0.014155062963535393
0.06135631865549182 -0.10305281503054328 0.5455256520248558 0.39258156237970415 -0.15143218119781474 0.24428562468447598 0.3069394634962714 0.0590773565806317 -0.7889870329959745 0.29777108566297555 -0.18588577025462846 -0.23997770672152727 0.26021059565666593 -0.1689399630396247 0.2139256055579782 0.4583773675122394 0.2304785258816402 0.2225001558633749 0.21914954665589026 0.1568636744410846 -0.01539602616149807 0.010519933002087863 -0.3002334047082127 -0.012478455510543626 -0.31598426908751526 0.13368164870324467 -0.27251648796785677 -0.13186709590562637
-0.15095785406211834 0.1317797843337219 -0.0678669022811767 0.16539452074987762 -0.36018818653292023 0.028998963090700373 -0.18315807551323665 -0.016490284109368734 -0.22754508774863902 -0.3815752780179847 -0.08315788230658641 0.0612843768583784 -0.5494521067741123 0.11377776304223962 0.371269628815453 -0.1602701405019865 0.2718961537425142 0.03952981527688458 -0.34391456415990895 0.20161339681732557 0.14782638112345695 -0.014410247633240506 0.027616208724426158 -0.16928370160539322 0.021076887651982547 -0.2263942994513282 -0.39550072553093 0.04137646351291338
-0.27921761535691164 -0.21879376347695553 -0.0013696974414432528 -0.3867944522515608 -0.5181178600787465 0.4014787855752708 0.3988063115751568 0.502741888205 -0.13173904109834111 -0.015300248788677142 0.3450013388170632 0.012688080824325055 0.215851540709067 -0.004444236440500685 0.1659915350266922 -0.5968034249633822 0.2758716418535372 0.16890607533754545 0.11519038479403863 -0.18862578568607732 0.15534018645289333 -0.070207040311599 -0.17846724397313754 0.044459184140698924 0.16372685868875891 0.10663815796936252 -0.015041492281207327 0.10544263728053521
-0.27719844814702294 -0.25159125956319084 0.06852757511567516 0.11622333511768078 -0.046323220859838206 0.18696297806477274 0.277285297548563 0.19789186842554213 0.8252816463059882 -0.16902671178967912 0.13238844434925365 -0.2673294309871561 -0.06294588904107755 0.06585115433391939 -0.16310864788980337 0.21049698895704308 -0.1709906369899445 0.17082146013816565 -0.06605193819720101 0.04311510378744579 0.15291758152059798 -0.008945479340562508 -0.3670764185784939 0.013079988768880363 -0.6930807119664109 -0.02574689858815475 -0.35344539938912045 -0.35487215998543253
-0.009118987334250206 -0.45125067833443994 -0.2846164047701877 -0.3945985083327962 0.05824082940852394 0.0616134275163874 0.1672037581730884 -0.2513705413594837 -0.6409294310913691 -0.14730079345002817 -0.4880454970964589 -0.1405396307766491 -0.44666187215438036 -0.12985552813869916 -0.18884619829378638 0.4628883569441259 0.11688693985398027 0.20842025724641017 0.08693612338191006 -0.0576478849981946 0.03250878429484003 0.1972807825718771 -0.7595221508585857 0.2916116323150121 -0.05977315208405727 -0.7063188898499602 -0.18306628289367063 -0.15437581343594373
-0.2566696465023308 -0.0826468996459011 0.06425632942853543 0.2827997365581334 0.12983095030528669 0.33116181360238184 0.19602083715077412 -0.15160310449748166 -0.12495088448401019 -0.1797473559155382 0.0972841519656082 -0.5812516844543217 -0.20655600381103528 0.06409344297889145 -0.20808076729249955 0.03511720174179496 -0.25821668708882944 -0.07714509246450736 -0.23720626829294966 -0.3386853674356974 0.1214958969620484 -0.23340474925742855 -0.31028444913869624 -0.2557821444783219 0.008097606707205399 0.12876755481431645 -0.316379018269796 -0.38186523749890905
-0.3114080650610547 0.2615943948669031 -0.16445315549799014 0.11116194059687352 -0.0902994968799539 0.1909533527311349 -0.2013129690000001 -0.027871635813033292 0.058225049431148854 -0.19958308660650276 -0.7952362837393128 0.3266251777078877 0.22533341146379515 -0.13584215315913453 0.10264516500846035 -0.5610430541880442 0.33159703247351374 0.2635695136004722 0.2314867521214781 0.36600463801860533 -0.3987451713422135 -0.13113513186595477 0.03966202540155179 0.2435142456415773 -0.029512800871290518 -0.009507902152748451 0.03704322896326806 0.10126459303034444
0.13805659246275823 -0.044204331208242575 0.39810572245420456 -0.08433548900002022 0.03629276615850883 0.2614724083163167 -0.1187342722054841 0.23666571880064238 0.19249166554147243 -0.25202627227282964 -0.027751923912188718 -0.14353019998214775 0.318334156111057 0.6204877868781038 -0.4046463044207974 0.4605853846989875 -0.05943634796194612 -0.2827640404271665 -0.1618679302438649 0.09148601152697135 -0.4795946343199217 0.21962213676953177 0.35134611684746864 0.3089687655017085 0.3691886094471323 -0.12751993999329922 0.09035703357211745 -0.26448409485113594
-0.10147842317534146 -0.04031496076105257 0.259556877880142 0.09729151084770574 0.10290198837282867 0.3718945323180253 0.07585420466570078 -0.06752944576675098 0.04482417004837472 -0.0745077025409857 -0.0800286107528563 -0.2011981057666856 -0.09722319216451514 0.1690097917855173 -0.009495455850233564 0.624953705912571 0.027600073206815196 -0.38677888958809614 0.3725601543523689 0.10412574069237066 -0.05990562052076463 -0.19506071156773094 -0.04712221093614521 -0.15415646540605643 0.3731724525677689 0.04203190576030565 -0.44526788147907637 0.240639096804662
0.38825735230612635 -0.002616499879865921 0.5826879412779353 0.05463420343749549 0.2493364266383831 -0.29830934157299943 -0.28657973749696364 -0.23865824331798613 0.048898918985872133 0.06865288187821433 -0.20289855761242842 -0.33127210947503377 0.08484570133155929 -0.1671343547922581 0.003875619936832796 0.26048190780076985 -0.022343546570011044 -0.2076868566300536 -0.13193495313579678 -0.23289536109858466 -0.1487281792069201 0.3111896514124838 -0.4913394647276998 -0.29437603904810555 -0.31237482896154223 -0.16466611375583748 -0.39641604388614976 0.17937325480931254
-0.3185682433175337 -0.14475554382919878 0.3851460889520198 0.048707819871055005 0.07502937791014143 -0.011577181407373871 0.1057690479791465 0.15532131815450811 0.3177946559442504 0.0034858161242574915 -0.41320144969835537 0.17051954859980653 -0.1986679329415796 -0.16253774641104046 0.14200786594718648 0.10638883860093735 0.1709097884563302 -0.35100927040201807 -0.14975368745993115 -0.12098073611503049 0.2320235197213265 0.2810462256145425 -0.049343380890127 0.2408668824803497 0.1157110159586844 -0.14853505025017968 0.07722872417586434 -0.044661037514289216
0.24975239803333713 0.13939159340758964 0.05358830543570015 -0.3061997200675583 -0.41248910028830077 0.1881978210688318 0.253814311469298 -0.032333429010561486 0.019334028466450097 -0.04767809662551784 0.19097029458621928 -0.30657131263911036 -0.28314775562929395 -0.08334859105393298 -0.5205283059295602 -0.1742190750815795 -0.05438498804178511 -0.01920332861469526 -0.2352834811246799 -0.2813223691714763 -0.10308025479264739 -0.06643283484629943 0.5102988431404426 -0.02764651096035807 0.03778623607956738 -0.07289579956201929 -0.3252138625088272 0.1342158986113458
0.03403963793415427 -0.31631262706977775 -0.22379207476865065 -0.22889611516561484 0.13789152350076522 0.3162638843193833 -0.0456925444265077 -0.21079021125341657 -0.20968215506049442 -0.12512960353325744 0.17880389782251818 0.15915395230942497 0.18929410865707422 0.10894995429551806 -0.018844253104417844 0.46389096850645095 0.010381621264356015 0.345508679632755 0.3696071353710354 -0.15078774910812176 -0.027188310057121995 -0.28003461590093326 0.06340641782261014 -0.024390452327514835 0.06344857492462067 -0.45924017777594195 0.2111909129916415 -0.3376783986813775
-0.02461648625328133 -0.046263345595272815 -0.1904081333475978 0.10508075775102634 0.3038687433799636 0.21352315895577736 -0.09992551611362858 0.21624752653944201 -0.07410427417390167 -0.3088756655957026 -0.6044556687304498 0.33101968249136604 0.03831633341287126 -0.21151237271788048 0.1281469139375806 -0.07659993929709662 -0.09600559037453756 0.22036243973912 0.114696727845191 -0.3554811834915984 0.021948874620841045 -0.23738372107376354 -0.3845510556999202 0.16962738664369037 -0.3349176514384448 0.5092418539705418 0.1388926236242704 0.43300166493759495
0.04516219998141874 -0.0017584965217929973 -0.20428580470560917 0.16296155163573375 -0.051421037805980015 0.0724411198934179 0.16022971222698063 0.13533357476785654 -0.23889051948533208 -0.06801059821681178 -0.30967643209790524 -0.29792974180959164 -0.1769980492777539 -0.20290655150229314 0.019906701802384717 0.3672105296059521 -0.042362538282422875 -0.1732222024645899 0.29245266301514294 -0.25691430507990354 -0.08675302592019174 0.05008537563914077 -0.00157504582731811 -0.41828721503544575 -0.27125322437966826 0.14588109970639573 -0.2845761833236096 0.241213603107151
0.0011047883266948229 -0.007156856845868159 -0.3801522691668099 0.18058365498114953 -0.12686921429924627 0.3353004299660737 -0.17673154563057952 0.32796083906384876 -0.169913690174014 0.29337823884230607 0.09779321013322007 -0.3434521154122487 -0.05822665601900689 0.09886111065602426 0.10391595908070164 0.03406808190277097 -0.44448293793614124 0.023045859378671693 -0.2425257913222513 -0.19232507371114324 -0.058998539426842786 -0.3972312218196938 -0.2187810626244977 0.2796152644690517 -0.2528957922518637 -0.11828632583391364 0.18253081549192576 0.004936834922729446
-0.044779431183022265 -0.23066704629190646 -0.0480523446073435 0.11246275656074242 0.22657886243336725 0.40500569868021347 0.5417665665732242 0.035407666800638074 0.05947414970446165 -0.06510156464271892 -0.2689460687865102 0.19482087049942173 0.0350108516917221 0.26095232852564937 0.05483686968207944 -0.046917436299670184 -0.18450549083374937 -0.0808299722627803 -0.35565455498715604 0.33593097415479745 -0.04441970991278541 0.3212113662093009 0.01571304127840059 0.13388413569557658 -0.053019326928749826 0.20352168658069178 0.3216477256330242 -0.017384487872743912
-0.2163844378377563 0.0923884503963505 -0.21523416606268753 -0.18996633296367837 0.28460180269902585 0.11298652615783998 0.09979335141162146 0.10246914463332757 0.0325856651775439 0.24419011749161584 -0.19193591697268692 -0.18219752568845998 -0.02388603580941833 -0.23432716524365088 -0.08346435074117221 -0.22162749893425265 0.464456023134089 0.4845776537288179 0.3028437333208475 0.14558831838509098 -0.05334529192512274 -0.10133110620296383 0.020918844393875903 0.12065532251403009 0.01251756439365913 0.15518265535197442 -0.38466726024977915 -0.07250416483726138
0.2568614592376134 -0.0023358294210011382 -0.1965857363227611 0.03879172308256856 0.17410616004218596 0.6990338411541271 -0.27178230156124883 -0.34737806425534545 -0.033521288746114986 0.055965753680344586 0.17600323945285629 -0.275293351462296 0.044953393096637546 -0.06135449079895418 0.3682290754971554 -0.5820550721379637 0.49863278412669526 0.23638852776092412 0.13401054985567443 0.11088054744370636 -0.17165475669007257 0.07662092771095996 -0.030362789830936553 -0.0962562141595509 0.02742381386752672 -0.39732719651360093 0.38374686081864917 -0.3184886597846115
-0.07333693322264508 -0.158060208404547 0.17552552403366395 0.09012025736223495 0.05826164650477387 -0.33601609780594344 -0.09979306717238454 0.08233632638253051 0.4190447362185406 -0.0830391075884052 -0.13270018296197097 -0.027640064738045537 0.01852141268853842 -0.06950078671543493 0.06336952442873041 -0.48890134912458 0.04521060319815231 0.6044209794535764 0.02021206723330852 0.04782044117696572 -0.06037820753577656 0.27140335788399983 0.9298060313051413 -0.015958175514751517 0.415625280634846 0.20186797015592545 -0.12838274257436666 -0.05244467779294997
0.3324671452186131 0.6030213627391063 -0.14949491133758974 -0.15120319275856312 -0.17541100630765988 -0.0015071822936108291 0.38755059470580516 0.242356886099753 -0.4667770386454959 0.09505422952498446 -0.012564858645448273 0.20801297688743853 -0.07004788503379823 -0.3327933267483944 -0.010676783077240407 0.4490268236696754 -0.05664009078219035 -0.06416349959196313 -0.4332186100027801 -0.18416510835332842 -0.11554565197924065 -0.16729618649218336 -0.15156877679876393 -0.6468152945542442 -0.04530145530565404 -0.23421402417460574 -0.26340229759299794 -0.18685979941141723
0.17969385352597494 0.1894910119732792 -0.03746307963607638 -0.21345355320467838 0.11766502745512004 0.14556910614386342 -0.09765223146781316 -0.13403121880455612 1.3068449792124204 0.24440245928921767 0.028468214560171776 0.46598133853033286 -0.1559872302624797 0.06790284389954257 0.11557165010046713 0.4748790632954443 0.021319258330731672 0.06884288598432654 -0.2091324840704351 -0.04273830333793348 -0.044814627539877444 0.08051571228045416 -0.27213943287053527 -0.08697875633380045 -0.0705370179874633 -0.07078892179096904 -0.09063782262350978 -0.17626665209947812
0.14019018822757184 0.11791866562127205 -0.03468892026840628 0.17475614830783773 -0.10438259237550601 0.22427127917888412 0.01109891241427928 0.01862817992533522 0.007483094526832338 -0.4596653890858407 0.1779540749174549 0.4691817841188513 0.20288711708783258 -0.40466832436501277 -0.169070828417544 0.003488931225865084 0.04112978742395349 0.14370130742871276 0.19776144778893556 -0.5024134494673055 -0.11101988982508987 -0.06583114504426368 -0.2714379611805804 0.02952352475951125 -0.025754776688582184 0.1974500877257695 0.8526335907061569 -0.12402344174820829
0.37828853820170444 -0.4847660380552202 0.15326938362270967 0.3272365924470047 -0.11552268942783786 -0.1891591381397212 0.24427311966369253 0.1402458864500929 0.10392035399421222 -0.004979288272530788 0.37625047111525584 0.3015746931047705 -0.1484677717809601 -0.02579131902463138 0.1512646867062405 0.29000648114294797 -0.15785509049369986 0.3041608548573238 -0.37931329839400496 -0.19009440221713864 0.16245263446946143 -0.29836983976211756 -0.36012630755624886 0.09258113644723896 0.011901808850046679 -0.09899229019255652 0.016427054315362052 0.4788848751334959
-0.22416425931350276 0.03516361594696562 -0.0990189512575184 0.06380220391703903 0.13906875946078637 -0.16159146743882483 0.010179892363446399 -0.14309025598777128 -0.2798429536006736 -0.2238421891973497 0.19581329437764466 -0.37946593815129964 -0.08719153415973208 0.4899765779938311 -0.28996477164268075 0.29465657613441887 -0.12403129892075763 0.294965082939691 0.09931397288014744 -0.1261417998284632 -0.3083717182747973 0.027834189466419284 0.12766850241507854 0.27842064616368095 0.28420832213732417 0.11889346652868414 0.41747182712417474 0.6033593346684195
-0.37464271725825293 -0.3930987632637544 -0.034773034778472586 0.03523454957165332 0.04040240002184006 -0.05313213644713895 0.19804172527686892 -0.06277600790871515 0.00603427319979138 0.16203561165751562 -0.6793343417828221 -0.34504505528379475 0.12163795472535194 -0.17447521341114755 -0.08470097861342273 0.1744636006423699 -0.02379661174595457 0.023064410220219975 0.33073953823792773 0.18617366997423532 0.1267341769000232 0.353982772554143 -0.12248119135593655 -0.4910842424104909 -0.25208278047654753 -0.005465284327333959 0.3132745198222104 0.0742509378187391
0.023023388490982597 -0.41920021279010433 0.060174314198682397 -0.3158735456212808 -0.16452156288466457 -0.046868636604320106 0.1979665961759757 -0.13818631341295612 0.062257847973491785 -0.3512693051713785 -0.19270099043921898 -0.2174149480134185 -0.051142017508807834 -0.23124291443481854 -0.21988843946603837 0.552146450198618 -0.08288576830375852 -0.26664491775754806 0.08541560151492951 -0.4737373390485477 0.09184160423542766 -0.3221220488861713 0.5264362451508638 0.04858357127780786 -0.09708295744555838 -0.22054050238008924 0.04642985842394705 -0.0012838362214569006
0.32424654842188394 0.047579690856173217 -0.14256107740228618 0.3928754133205225 0.038688789882002805 0.1713605167396631 0.10026439074151892 -0.1997868935981376 0.18584554826774485 -0.33580618639227977 0.1308783223834346 -0.17417736062350833 0.13508904085953322 -0.19652728778799497 0.17073804021989686 -0.5468806635157615 0.3556758787143242 0.4321802977850704 -0.05185212381018711 0.09620258752753141 0.30918517461154493 0.39094645601791905 -0.1892932507449732 0.049925631008714416 -0.25811075139877376 0.4683294446700084 -0.09403994616435644 0.3521827895471726
-0.028643244277518812 -0.31960608316547917 0.050641742709686716 0.15818692525013428 0.13811964026550896 -0.05344045086671965 0.1346600456752792 -0.19010245357495306 -0.0705441010455521 -0.3577788517751793 0.03156786417050511 -0.21979108499550692 0.3420971988382914 -0.15470229123303583 0.4387436043264916 -0.39286583656713914 0.349518081006472 0.18169560449450534 0.01230338161459236 0.2715887332517717 -0.025219457617991336 0.3194892224239192 0.261619378877801 0.007668331728372056 -0.34283769235882994 -0.10023749256536453 -0.2279906513470716 -0.15232164008739243
-0.051864488103559876 -0.14058683140833644 -0.05881035868700331 -0.19077134386004388 -0.011025524517672074 -0.04816545227744005 0.10809028385278019 -0.18851256074958705 -0.2955820414013809 0.16194052378433563 -0.16283098806131438 0.042591474455895555 0.19445232250408362 -0.2112576902375293 0.5007754673992751 -0.2492601698598978 0.5269081479573838 -0.09837100677417392 -0.46186678290861416 0.2781962314800361 -0.05717989611459163 -0.12121054024527485 0.2516306654307071 0.12222901952181214 0.08805655849487862 -0.4768891087835306 0.08633880992045305 -0.5792730224657318
-0.10452556886264724 -0.14036072532968238 -0.19949370048273693 0.5024488311558448 0.40238561500507725 2.9652544879086078E-5 0.06398834882038636 0.20067913969805756 -0.16300977181559614 -0.1043783486759592 0.12339414656247427 -0.17153850725576403 0.02484369667529608 0.1097810252385636 -0.08906672191675759 -0.6885211651167533 -0.18676079502581736 0.019451971256338612 -0.2661398806288763 -0.04184134610410433 0.19732842758550398 0.09232394484766968 0.11383739748045027 -0.012530652137303777 -0.1884432058980147 -0.42614872896381883 0.4979148592838901 0.28941313927463835
0.23844047361334675 0.26948569098882696 -0.37809552832790344 -0.17269515159718257 0.024725104912559668 -0.007660783284416249 0.10516425236996682 -0.07300457843368437 -0.3072174506287053 -0.02079550597746913 -0.5057542353473566 -0.3233336346061159 -0.1343717217113359 0.1050914530528266 0.13309875735979784 -0.036683221620748954 -0.10253517430307413 0.13014076432657204 0.08903818921494208 -0.21757407642851614 -0.045619835622147206 0.17831029481461155 0.9619889000427148 -0.24310617703922321 0.27458786499522037 0.052047450278592304 0.10334695677296049 -0.17206097102303236
0.12790490238378135 0.03738827836424484 -0.05934150140265236 -0.09011302067551653 -0.04571569842482249 -0.09113695052090835 -0.016191240562736908 -0.023018420093789 -1.0794534872014088 -0.09080315670140882 -0.006580490873448631 -0.07709043768254636 -0.1786992503037069 0.15305168305708527 0.003178257092999562 -1.3727725266859743 -0.029636642512488515 -1.03068691657298 -0.08731703491905779 -0.1589361217544914 -0.04334940670667022 -0.03699866179280341 0.18397489337059802 0.16730634951488507 0.06645981095499047 0.08915890478876419 -0.04207561664240484 -0.0964914855924716
-0.1286682387207033 -0.14489011170422728 -0.2272215391145273 0.19967896109288982 0.1926116130546899 0.13213283485581673 -0.22028038395147603 0.021562013456807014 0.12841867163444143 0.3572866045786131 0.19097865742612763 -0.16891367975849902 -0.1016316356647059 0.2939227194546317 -0.07292495703019854 -0.7310539731336687 -0.17049108566269333 0.3793442220550622 -0.29073728562467066 -0.3932095142857616 -0.10477562819021521 -0.26732405976263574 0.09439172861704441 0.14221459730419603 0.4535099575767192 0.4598001244338353 -0.4447754039390583 -0.06363785012300194
-0.34590152555204157 0.34153144811146935 -0.05818562662107115 0.048793935426504946 0.5115937149484978 0.512156003233513 0.3898536207204603 0.2790660228717855 -0.083191213002156 -0.21865775313969213 -0.46280094600916855 0.05791053165701479 0.3106123704545411 0.421541315940406 -0.07795342602040446 -0.31889583239503566 0.49658380321130635 -0.020198859169055366 0.13519757761474746 -0.04364996060937338 0.18642353834223574 -0.45085247195129724 -0.1480325693990273 -0.3743064123441228 -0.12724429216012906 -0.21379193661893192 -0.11862440420643708 -0.33763155181169197
0.2032179611779907 -0.2554872951878355 -0.06298612650281349 -0.16285560759302503 -0.15904058421939002 -0.1807498627853482 -0.36310356734066696 -0.03144696323360371 0.2144984305338666 -0.010761276332168664 -0.27118875849515073 0.10167896373647202 -0.6007451169482321 -0.401741835403734 0.3214667128761935 -0.24462280648131418 -0.07973997510952703 -0.1877966693955982 -0.034452336309730505 -0.44534127900240517 0.2728763421592608 -0.18510424930828326 0.18827166118199337 0.2996160331024543 -0.06830780073439395 -0.26048595656951506 -0.0738372289813592 0.5145442943229751
-0.44350730491712304 -0.05031312637324071 0.4117705933189238 -0.11753104711294182 -0.2394278205169107 0.3706374865347926 -0.10987402811758311 0.1948772313070893 0.10377686866493176 -0.04791873673337103 -0.026432502511074474 -0.0825013088640864 -0.14412813626414037 -0.3517381852566911 0.12720030259732776 0.13738699750758743 0.08718133636858204 -0.07269668904854822 -0.04980012336688216 0.08876155993238748 -0.06911039328161477 -0.17817988042205166 -0.022700784545304314 0.5672971704591577 0.03710966431053608 0.028949966005782087 -0.1390010867144762 -0.012398279759457608
-0.1891562041027804 -0.08589769544818253 -0.01975984959009026 -0.48864565632189566 -0.21538816299798763 0.017891400554368404 0.024670886661122226 -0.11372012499986989 0.03892678019097144 -0.10506707179487641 -0.053491941578779366 -0.04147670961866308 0.0332275368659594 -0.018330930099350416 0.18183796061309518 -0.11146399410269854 0.06442633654410386 -0.23291889733343754 -0.24591833100661672 -0.2201958852680696 0.2291406969235384 -0.10044201167362292 -0.27348896262714933 0.12467131507793204 0.08117242888356578 0.06875347530109498 0.01342363406732944 -0.5192925510782073 -0.026225570984791467 -0.1927220880602662 0.13212472087373642 0.18224378659282778 -0.07225343553367701 -0.20765604635570556 0.08425990032896731 -0.05305220484583459 -0.11180951347891732 -0.01957464555376397 -0.31254668906949407 -0.20632613482448833 -0.03732533695543614 0.1453444567895778 0.2542001889313718 -0.03886109908444705 -0.20284797321277187 -0.00682754240597357 0.3395770852009777 0.16047776368865307 0.167575542704034 -0.19104803199949733 -0.03847325048874984 0.15928284915630783 -0.025632114224698323 0.06563293309645583 0.07857157698383839 0.07316121013595127 0.1401723648720492 -0.19665378040828357 -0.10139673628121981 0.02074607704038028 0.3040784416309412 -0.18978363598474185 -0.07556326036219863 0.1530819320145177
-0.27649946617358667 0.07339236260556424 -0.17842935528746848 0.089918451604497 -0.06304255423508558 -0.10021861229043662 0.43622849261901536 -0.15478449963171598 -0.1485889356353343 0.06275036897686953 0.0475539581833862 0.03707649704117256 -0.12550143939011282 -0.06254193998454938 -0.33892566722091105 -0.11113760519439524 -0.021074756900947487 0.15561145695229445 -0.15944547119205355 0.08504524834791889 0.09804344177378344 0.07688122851064866 -0.06833109379089124 -0.3469470925671843 -0.10941731867737461 0.22515864993877407 -0.18577393100537684 -0.06964336875847134 -0.06466509319060372 -0.06596123571914382 -0.12253725433731284 0.196459698265644 0.18850559300659916 -0.00851651875127208 -0.2719109033500058 -0.05565313841901842 0.0030525296210317907 0.0031834267991580844 0.22738439518564435 0.039067650569742374 -0.025557865135405138 -0.23693410053651512 -0.003944179048774388 0.14316235542086553 -0.34191104381965665 -0.21877209823902788 0.17998061977617166 -0.1288199802958741 -0.02302987883404126 -0.3090501474176051 -0.143883377211702 0.012489465347071566 -9.714579675066299E-4 -0.08828740853820734 0.2886648648686576 -0.41457870336609104 -0.12947656962935622 0.2082776979285315 -0.35085521381132245 0.0054066284067321975 -0.10976725357191831 0.04329190555425212 -0.013559775935805722 -0.14579984460754372
-0.23728417825301468 0.06294706594250725 -0.3352492213821688 -0.05664315495234592 0.13796004182652796 -0.01433344114970827 -0.08335839584159906 -0.056601674134595555 0.13352781205970626 0.13012570898554315 0.07969442992961279 -0.1434224698913532 0.054869887662394416 -0.16052913250935266 -0.1463769841786125 -0.06517393143642315 0.041153980579365985 -0.014426337072704068 -0.0348491447779978 -0.23385590857106042 0.008190780348534743 0.15602668044920373 -0.06027335809195848 -0.06666987243525468 0.21344929803360244 -0.08381916892213827 0.35658685062463963 0.0859427288065996 -0.22165779260144394 0.2294158748514479 -0.23112557978589052 0.09095589592924824 0.09964970451677668 0.04049249509686713 0.41018374476592634 0.30827651134007916 0.06450672726665747 -0.023402926786108676 -0.08145411620410299 0.16074569381773227 -0.08507139994307941 0.11011830039376319 0.18549690218881867 -0.22138545257055509 0.20687945569547128 -0.2356758769918613 -0.1912817890718256 0.0840753654985715 -0.3053843890098304 -0.11543898266061217 -0.00987835773793832 -0.2343417258361985 -0.33662673086132994 0.1676358155862117 -0.17701446426494458 -0.014354222373766606 0.26470702593332474 -0.3194658796819085 0.018574565097266446 -0.24027847046903528 -0.0909630014917225 -0.0013000712251177843 0.009962026266968625 -0.18583371854374894
0.3376152664846536 0.08932819354460007 0.08621175633050354 0.0019223054035622873 0.0157978898810266 -0.2325118014768586 -0.17520864478906592 -0.06759710006076002 -0.026165960655408136 0.1868715276670225 -0.03987930323697953 -0.021636024193813195 -0.26259837036081696 -0.19022106140502903 0.3591597948424922 0.4260027843115841 0.060012930508475684 0.17733020370239055 0.08868715704824302 0.0010853667737164212 -0.12987324932894764 0.14320783474547202 0.13628230561360685 0.15831644454385946 0.05972307335797096 0.02426653900354769 0.22555409786328845 -0.03763141446457691 0.11733971984234033 -0.22932230660151293 -0.1754313590992391 -0.156652750810974 -0.02573285267723216 -0.004485880863992217 0.1018158195421355 -0.15494719603948803 -0.2816560862341771 -0.03248714365475319 -0.27005431517734446 0.2621982660168788 0.10206503320599865 0.0552116506270989 0.17862242127627037 -0.1329542244853495 -0.0868886468180764 0.3167472231671161 -0.06475793085683648 0.021849575908066177 -0.1771811212572868 -0.0801832961611105 -0.20228817392605902 -0.008181670889613786 -0.3221001108831229 0.20585692209382273 -0.4058268251135453 -0.12548616311431138 -0.017934556326918382 -0.14868532741228943 0.15202985939027777 -0.11006248203729817 -0.08695143796349411 -0.1404579731221128 -0.1736202068935621 -0.06071712989458204
0.13013715993071695 0.21856461963336432 0.18425243042005893 0.1093556542969031 0.13374261927979383 0.2766346629206082 -0.15229720041209233 0.14560995181019967 0.13036619711566347 -0.09615264437182917 0.014920097597804648 -0.055805673859403916 0.06865793767957493 -0.0013152209454211667 -0.02365616607816409 0.04757873224327762 -0.12116172918373534 -0.08868031226425162 0.2400029773497205 -0.19569092621854253 -0.1325377263492755 0.22347821484193747 0.08349484380906866 -0.0609199171284808 0.17874374883231894 0.203058024256052 0.32687127387058773 -0.2166986924525529 -0.28542919983675563 -0.25759962283008614 -0.130609947366296 0.04400832318027148 0.24883333534164356 -0.20127499001848637 0.005482460551472587 -0.28950800380742886 -0.0016162553517330726 -0.096205404192853 -0.0345402115583084 0.15067804301986584 0.060167599134201374 0.49791675211482983 0.09723367680470817 -0.13662347563339075 -0.21530739983122268 -0.02562976943831027 -0.03935087983134439 -0.18803390113010912 -0.3502014417470505 -0.2662825030177755 0.15083663737011163 -0.14328107146897318 -0.09375049048110168 -0.04646361335171331 0.09249809337896187 -0.10465448465347492 -0.33958821974180564 0.006643766411590867 -0.16978241726956697 0.07114236456573021 0.11494078703494068 0.015177630872742447 -0.2218571720720914 0.045208796828321254
-0.09142359785863585 -0.028012713975759773 -0.08483153665670098 -0.006288062448247828 0.16000063863319436 -0.1674871793476621 -0.026447753941796062 -0.06987028953899951 -0.2447407055447085 0.0872101311596581 0.1365489120735842 -0.11928481854789853 0.02496763873895162 0.03694828102794106 0.1423841457421407 0.20092576756657501 0.2432963535445671 -0.25502264246503925 0.06172784468487447 0.039033184794764586 -0.1283932817944368 0.13043525926391178 0.13159702338837795 0.08768616121715726 0.07531301766167454 -0.010019789195705259 -0.09007947064651328 -0.07027773347171652 0.02183016026606416 -0.2581291513448641 0.021771475857070836 -0.036453288887845145 -0.05235158738931852 0.14988410648239806 -0.18924775284287 0.149465919892723 -0.03988708681804052 0.11801134858488141 -0.11875043063750641 0.15741289789474455 0.046979651562219026 0.030651053245929195 -0.16599107663949164 -0.23339480858599265 0.3162206344339519 0.053268365262824816 0.049380493972492154 -0.05279973218816723 0.18171365707231782 -0.21726172985798906 -0.09329377198146645 -0.0066115753127943926 -0.15953292727714466 0.06160843871986081 0.08811603654740784 0.172768128555559 -0.07154591881791808 -0.05122874956909195 -0.04129059915647078 0.10077589118628591 -0.03424851235915578 -0.30856091099406124 0.05186314635333879 -0.10448314580685494
-0.11484997062071499 0.0012498149668760468 0.017147840241285173 -0.24653844798103364 -0.12640244611096643 -0.0035126527662030474 0.06363560768777943 0.0038829422676024306 0.15698885497593248 0.3154959812765732 0.11526851693402755 -0.04284589970387597 0.08298456458835574 -0.3501497633442013 0.16014875020084512 -0.015017172388618666 -0.006088675945958658 0.09687822053632064 -0.1398005082404068 -0.14335948585276903 1.0623920562897791E-4 0.09801621429575187 -0.013857036742206551 0.08730216620486243 -0.24000159173118019 0.21479788295737698 -0.014074120774503608 -0.14704164877002573 -0.07440453871390924 -0.2737428362056079 0.4620607183377452 0.24510695335352922 0.0398669690291039 -0.027871645852032632 -0.10419469963119689 0.2721946015118046 -0.2999636369327265 -0.12168536228090708 0.2064387188426848 0.0013697161475157216 -0.0668271704774665 0.21100588715095273 0.3780140001225393 -0.15844670547485312 0.12129198288980608 -0.207399452584012 -0.31818858497966374 -0.39196808443140846 0.10824418404649476 -0.08164145051503634 -0.11639834159477808 0.06825304613038023 -0.09575157390959807 0.10907547699861384 -0.004843464955994704 -0.09577830397922134 -0.1005438977066321 0.22150707062097727 -0.2828846025190286 0.2701345255015914 -0.16722892132737935 0.010445751478884262 -0.16945531491704982 0.05055845559015534
-0.013639325463016617 -0.4183167424944418 0.013640387951273831 -0.10692516874969914 -0.016813417370776813 0.14996044068353134 -0.10113795567551816 0.041393703656112085 0.018057421109562655 -0.04248362120667217 -0.015941600799848694 -0.03264763673800698 0.17300522278706396 -0.6820777676985033 -0.05890235568061571 -0.4049890431174695 -0.1874940630729267 -0.10331939442401955 -0.16666181796561752 -0.12728015616583244 -0.30303898356472647 0.06544472223702386 -0.04911637695396117 0.08726366895715056 0.16706905552820722 0.0010915097062280485 0.05053897161968593 0.04375611037684026 0.15360766443783677 -0.020724364050154986 -0.012555878694132197 0.009127952366350443 -0.03986813021316167 -0.17879842806046278 -0.135889613343725 0.11184020898907507 0.0792065877354206 -0.031137475629168406 -0.038990484756421424 -0.2636919682912657 0.23784234406277288 -0.05730983695467071 -0.14176048241166916 0.1287611579714087 -0.0952133152701222 0.0773691036951032 -0.13604600703728095 0.10477530176699482 0.14218990694820421 0.07847879555717173 0.11161487459339323 0.12971404284573626 0.16663918960025137 0.03711194241559533 0.20323935905459803 -0.10669027458949214 0.09692784129026792 0.01215482394472281 -0.0033717351811863605 -0.1964590825067794 -0.026905621913025153 -0.046600573099088854 -0.1620002952671168 0.03388455203739283
-0.12320971591904814 -0.1289542526723588 0.10440801537806418 -0.1358610229240435 -0.10460372770787611 0.07127008328579384 -0.195758144837657 -0.27178366938741877 0.10256037678901783 -0.04304500573361776 -0.11350549462613953 -0.02698251577599134 0.22248515595183546 0.10578467569305894 0.09795160204785967 0.11223007298305261 -0.10148293360615478 -0.1358621846574633 -0.07613770930998724 0.048136332474991786 0.12344955999671636 0.034600803727207176 -0.02491924909469827 0.03065394576301193 0.14594578066605043 0.024848830232686206 0.07654634146102539 0.22633992972289804 0.275740209185277 -0.256369326024142 -0.06558780070967697 -0.21819087897486686 -0.23998501985716958 -0.08378501400725041 -0.061883573224041075 0.04799321394168174 -0.44604543554402887 -0.016307633573451292 -0.05761745674100726 0.1373203679396665 -0.23337709250158287 -0.2718279636495616 0.22068748140166852 0.10454148160883964 0.19684153639255914 -0.23985232291109793 -0.40643089543673616 -0.10614302319662403 -0.1944772622349871 0.014281161174405027 -0.1943747683584441 0.015755432252590764 0.13307850511544284 -0.07445413662924975 -0.032917665446241785 0.17090048747221942 -0.1555746759600754 0.010117907047445961 0.2061196398247011 -0.12124086326756021 -0.21873697783919518 0.03183875333127467 0.0431355533947484 -0.16760609253169317
0.008196326762473616 0.11755696442057938 -0.093360258100934 -0.3286169347507531 -0.12139642708906755 -0.20654288528923856 0.37461882445451833 -0.3104282044523808 0.026661146845636464 0.05012692364826635 -0.020681510335980098 0.2894147122373 -0.02792222232750536 -0.042170573577576996 -0.08139950549478503 -0.17669676769898798 -0.06410154975588948 -0.13037566502374512 0.17742997199579869 0.04668185652380913 -0.1255332878260482 0.1708578332184524 0.06360041076361587 0.09329912076541573 -0.18728513215231096 -0.30440378983060584 -0.0773991158450653 -0.1614962071131838 0.16831501658691111 0.017756365701694813 -0.14489398379674429 -0.020491770977495653 -0.28553944412037896 -0.09942888084658064 -0.02367436044121426 0.17097143882594806 0.3299306365874843 0.07542197312005793 0.22414915382270306 -0.18475714163008955 0.039786231115705735 0.09142354045273053 0.038880363224809374 0.27153473284002555 -0.32952266720104917 0.03018653005793676 -0.18936222004821068 0.0556006690951653 -0.1349495172575565 0.07641901045078218 -0.05673516085897237 -0.10945885715500729 -0.18677588759934527 0.3034344192686353 0.019976399156346324 0.19535484135725936 0.09696087927527293 0.20274060912814754 -0.08354731271245831 0.06799261657871618 -0.0010551246396391534 -0.15263850754799338 -0.2002802028214305 -0.11355800068951777
-0.027568804088087116 -0.14662665011774265 -0.08051830587037533 0.2019700434698118 0.038523189985037766 0.1761999956036735 0.0175565027066126 0.0875838294007541 -0.14992133333069432 -0.027544879194349205 -0.03031622152051206 0.04237675974013705 0.07723447936907289 -0.4138650905779366 -0.10363102453171964 -0.46117793821489844 0.15811176187910767 -0.06245234295449331 0.12996838052796203 0.07642427095045128 -0.0018860455070066392 -0.06993948467728912 -0.09531510549677898 -0.037117715062305594 -0.039611372432233644 0.04874787160641077 0.027573751636915472 -0.023098355875056487 -0.07698112775839488 -0.3704959720385571 0.33219440751831636 0.04780207768606177 -0.20898932688934044 -0.09004075280621279 -0.06605948397693663 -0.04235358684644533 0.24599366890508187 -0.23432754480566084 -0.05431793420344807 0.3329192865080513 -0.040121348344758646 -0.11992063938502968 -0.10257386930521857 -0.1842554071131466 -0.03621383723898783 -0.09729571178441508 -0.0469702926910944 -0.22118824665331988 0.26221528701086116 0.15751078766297924 -0.08697961367946268 0.09155700812883864 0.1423756922792275 -0.014445195240098387 0.1719176718346471 -0.11521598734110136 0.19371685414808834 -0.11171964042812801 0.026641966272868984 -0.03470525612081628 -0.17677736162966434 0.14180765726844813 -0.2827262524956367 0.05690963204162078
-0.09865414553996928 0.056320014805966816 0.2427205982944363 -0.5002647199693805 -0.02676511611715964 -0.07248646236704205 -0.06938150198513801 -0.2875630678768361 -0.21503716757149322 -0.19455403877623836 -0.37720045657482026 -0.02756293551355863 -0.19905744436942027 -0.01053542682307707 -0.07820735093475607 0.027427732656564008 0.11515167408302432 -0.0794701328242324 0.19008913955158968 0.03196947987567853 -0.2667046826371367 0.14514711681043901 -0.1669450672737885 -0.0017625105912870023 0.04090822007705284 -0.11091157503604852 -0.23668172595602666 -0.038038498167723415 -0.23854579088585748 -0.0026421183874665325 0.1424086522038238 0.028715951119803667 0.2593881876788817 -0.014766318080090898 0.1902569667145738 -0.042455176089787744 0.12623099292484377 -0.10065629451161666 -0.2794952024220249 0.11883858134714315 -0.15136076030984363 -0.21081000685563822 0.2889688948075795 0.14990765952112095 -0.0585037297712011 0.09976812745743004 0.4114967027208519 -0.0706857940335596 0.2953669561453807 -0.14983149177175997 -0.13850247192888718 -0.09537636623844738 0.20726814127234658 -0.1692776546275394 0.13542447054728513 -0.3062144273125968 -0.03345168480186422 0.1008213045295378 -0.1751887426693932 0.19542538079680669 -0.030268286283976292 -0.015481360147359222 0.45733363908481495 -0.17996744925051894
0.04865744277271756 0.053211433313209225 0.031195698177263503 -0.041194115227751564 -0.0401521150908307 -0.05197203341306137 0.3096953524920063 -0.1481552810175073 0.3194155401500772 -0.24227779451508866 0.21342140383436298 -0.2215383420014878 -0.028890544581222206 -0.11079574441056105 -0.2791716340653195 -0.4476487437154869 0.10405371987478317 -0.02632668430020602 -0.3634055377330094 -0.18923764276796975 -0.4535336714675041 -0.1719901707856514 0.18041221747727634 -0.19111816159331144 -0.06859112241125848 0.12291080989735895 -0.06381506592766938 -0.147764218102984 0.27580569785497444 -0.2745718984018352 -0.04271271905075071 0.37263640927269026 0.020477663818993564 -0.10381765952502117 0.04856895190710548 -0.21793299139885597 -0.0778115788146206 0.05648314316324795 0.03290946348099233 -0.08061832968224901 -0.1437337388044661 0.15878430227486787 -0.11757843707049813 -0.14343802399145716 0.29059590163490207 -0.09931162701362782 0.04014081569325196 -0.2221151047018802 0.35776979151836197 -0.08072291593813428 0.08381577881680259 -0.12238368341091724 -0.20112593903672485 -0.15339456984689917 -0.09137513931859799 0.03737195213995619 -0.02464338810950205 0.19829784630526778 -0.07544009979635342 -0.4154998318307192 0.06933404904193113 0.16740056180055402 -0.005999714793190189 0.22363756857212866
0.10517093272222838 0.10777356158348655 -0.2746300439864096 -0.22977539214999212 -0.19420890693702594 0.03962585439610167 -0.11361632207106141 0.05908600359332583 0.2797937967526711 0.30256156847575527 0.17401638888604995 -0.252693521530354 0.028517700524681142 -0.08830949485226469 0.10017816678315963 0.05839472284749036 -0.02687765066406005 0.15901001728498748 -0.07468602979802491 0.037581892690929035 0.08496742886572972 -0.08025168660687622 -0.07240132012789295 0.2811983298416261 0.142881150098018 -0.304371372704502 -0.3505738087508618 -0.053320889712548454 0.18544500877439238 0.06296029243309341 -0.22173685371960464 0.19015335428421892 0.09512291167180152 -0.09123852132841025 -0.17252488934561205 -0.06902751701187275 0.1565694192360089 -0.16354895085620555 -0.24699417042033012 -0.20696412216577076 -0.08731809149938231 0.19675829834207204 -0.013447041896310427 -0.2620252492591758 -0.0025963999361967595 -0.15229187119707735 0.09272301866520376 -0.17770472234772403 0.26084458038378583 -0.23089151700761687 -0.07393333349930897 0.09968374217456613 -0.06363956222704094 0.30296140126164584 -0.17707248953062363 -0.13625232706551552 0.030377960694172083 0.15739920527914975 -0.1936930744118606 0.058592543136400235 -0.10226260631026889 -0.1686700910464267 -0.05344555139262128 0.3160349075481406
0.15361985513079945 -0.20541374111439126 -0.24082651069935887 0.1289808721338273 -0.04977062290034352 0.024585530367576623 0.18042942163112796 0.06313307788807018 -0.05525456427214816 -0.12258245782994524 0.09685097316920817 -0.03748130232514319 0.011742633804932009 -0.015922834626042236 -0.07746401929658257 -0.15328998092159424 -0.007932113038810659 0.13559866029406453 -0.016408238437882933 0.037602963192385305 0.14856284629362354 -0.049698117858306794 -0.09545977843611388 -0.07852385985841832 0.06018095721320232 -0.21165965829656197 -0.00464338679693901 0.17560038597541536 -0.2695078359034973 0.09479701653440628 0.1921962753372171 -0.29621870338307615 0.13397010303205678 0.2208507632140309 -0.4741719354001417 0.14254730674481395 -0.1617849412176735 0.1817054831463093 -0.250989715730731 -0.18030889983551854 -0.2132790619245994 0.279833035098947 0.04281908230528321 -0.338629048065917 -0.008854223551926327 -0.23907133998586214 -0.13975087014576199 -0.15752361707574494 -0.006568102344135699 0.28550425957978265 -0.23622124501087402 0.05385657702302492 -0.1301738082003974 -0.12444700161407801 -0.07298198740042312 -0.12971140158479275 -0.12333479380113353 -0.04778579746053735 0.07203712933301959 -0.1489113362572586 -0.022170886727174606 -0.23695288193116415 0.23827670227744413 -0.03259240361197376
0.11394613957195146 -0.3405480548424539 -0.32012689919448745 -0.09097236871020725 -0.1696530992189073 -0.03776396851664389 0.03175194211859517 0.4095823825320491 -0.16356554827862888 -0.15532992876013801 0.144408947256888 0.009159142292863439 -0.01325876822125097 0.003174624958864019 0.2240939260985617 0.06592206420059102 -0.18193490560210357 -0.13965853445406592 0.17087415615904877 0.12451718848055932 -0.31228024109245567 -0.1526768007984765 0.1487732672315765 -0.015750401695485694 0.08898246806960136 -0.26182169929335014 -0.24993574244923275 -0.3298297122087346 -0.19262889068042632 0.3457940838775454 -0.11817997829059719 -0.03584245159082163 -0.07184637542520698 -0.18815249308869852 0.0258443284439596 0.34905261357593026 0.11633198202103634 0.113438585078417 -0.2779979594267003 0.31000585427527033 0.08659253435428643 -0.2909213958954375 -0.2469895180401194 -0.13373093070660072 -0.12346237544673855 -0.1764019278155366 0.09122336658858403 0.1497422510701003 -0.013280560906959315 -0.29624790600838025 0.11975314692155466 0.28009098913366803 -0.4949811111747517 -0.3048320374288181 0.07503710196689051 -0.09473963817579491 -0.008358034882718635 0.0824882747196933 0.08010936417533278 0.07132100326946676 0.035770342612917144 0.05202998801070743 0.24732049619259852 0.21146140815656414
0.1923348686210923 0.11515594454859814 0.18146263880071278 -0.0604436675372367 0.11662695045288837 0.18436355113356515 0.1307719897594228 -0.07143276311656135 -0.260144032963103 -0.5906612349553545 -0.5153396994370998 -0.09269393312551591 -0.38500733787860086 -0.13537638060815033 -0.3656866945319459 -0.1280395292449568 0.11886902460255878 0.23024662141855898 -0.20935116911272234 0.025585881341054245 -0.11921790402921507 0.11402982281646977 0.24914068497356906 0.11253661817719944 0.1524734575955834 0.19769743886789115 -0.05439535178631401 -0.1405120680747625 -0.1862052831182124 0.15833613049544118 0.2204916408952534 0.13539901703470458 -0.12422926676734504 -0.09848712515936907 -0.05462580670025784 -0.12359769665038335 0.11423536369642542 -0.06663499451437128 -0.010060396412095192 -0.19443602785567643 -0.4278594293194435 0.10099251271121776 9.239697366858914E-4 0.39352162477326913 0.11395614431456665 -0.04930249792913452 -0.07618614850637458 -0.09124534042499832 -0.19463709201739107 -0.03442827222527201 0.25415618351080504 -0.3098649141304704 -0.00756276709331415 -0.23459972018347075 -0.0956480463126083 -0.029496676520372033 0.10179053781095286 0.16407576786152983 0.028862097273412934 0.30556998835732896 -0.12860489374956066 0.0771534763122876 -0.1805703219028178 -0.34239959623171834
0.009447033352521289 0.1951653303341171 0.21161650437822802 -0.21423503855472054 0.01280846168266877 -0.2495504808329152 0.08747690498815193 -0.17428504807771306 0.21143731780459418 -0.1189555580520077 0.15958567956578107 -0.037496472436115334 0.03513801952601734 0.3195929492516568 0.09136841069649135 0.16106816995739937 0.1217722739969317 0.2005335305530032 -0.1783009832647174 -0.1466389011841489 -0.31693008459310423 0.08746004816771406 0.03325597749557056 0.4392504578162564 0.061857524736831274 -0.10222151143842134 -0.05241774789279381 -0.17452529965096816 -0.20521855039765194 0.09722341677165358 -0.0702300304589241 -0.2563264246082264 0.04922853241801978 -0.22684000830105802 0.18287781635870715 -0.18246113346625026 0.2540247361820291 -0.25883567675579433 -0.10316626821978062 -0.1663300153770222 -0.32012308272775253 -0.10051152782119843 0.2816150546965206 -0.23768380553912677 -0.09244633339257795 0.09866118692298292 -0.07065714908152335 -0.12912865497354373 0.06577678289583927 0.3753390369861202 -0.3035797691548393 0.1422467701981525 -0.08948541352837706 -0.2673823470450265 0.3425420062054278 0.06696124997964292 0.1483990849368142 -0.06655132316159013 0.10296060587177586 0.11905280313852011 -0.0421539627462163 -0.3930716925195964 -0.2096122985184174 0.06802949421369803
0.015837005123433223 -0.10717885260383866 0.09189775832939678 0.4889589640797129 -0.10700655665908565 0.12379576343381914 -0.20567687420086675 -0.06882207151316481 0.3758057644261225 0.0029505478853236664 -0.033744080004972164 -0.24124584085086842 0.025812514448294865 0.020416032016062024 -0.1063072270136712 -0.13955650420402005 -0.09242580745477492 0.0785668285639275 0.15418855179900848 -0.23286094839414506 0.013127248241429428 0.013738174988342596 -0.313613724299739 0.01882286233578303 -0.00434659529512131 0.030923728438488472 0.050957355109674446 -0.08110572978528541 0.0751723662251423 -0.26488663412516783 0.43113865736815316 -0.3357020851478161 -0.10503272646184916 -0.21414202793586998 0.22693714114362468 -0.09229271085246593 -0.017253461993218866 0.17637436935386974 0.04643568770738851 -0.09528403636438205 0.09235408974850941 -0.015838267983833417 -0.11481305664945306 0.16535969246963445 0.08332637878256355 -0.11975205615209722 -0.20239811703215868 -0.2560436376711889 0.06376625226636087 0.23399363019937788 -0.21214092394179435 0.1689615512082864 6.123094289273121E-4 -0.0628733775284363 -0.04336910978739728 0.08199535953410415 -0.25711151563353435 -0.2809184550729953 0.3117553387736623 -0.181183226091904 0.09174032238492467 0.15656632668015333 -0.16968387206366495 0.023479854236819586
-0.08891273414545131 -0.23864921500459796 -0.021907070988408328 0.08142359152383909 -0.34442143653981133 0.08560175514677613 -0.17097109184353304 -0.33575123656652367 -0.16940061973802295 -0.08412301106047018 0.13279356023481567 -0.021701015968283135 -0.14212000105991504 -0.4246524497978994 -0.12503316872852688 -0.43334671134087893 0.2800481862896083 -0.3116491454121421 -0.15806110392683867 0.017711413955492368 -0.1284622371960798 0.06974209906969571 0.19546901874205716 -0.09525827022117173 -0.129707440842059 -0.10318657005887087 0.07538189273357362 0.16282156096465547 -0.03991329143905051 -0.006496575161365848 0.31149358661863474 0.3365729870693516 0.28159315666980167 0.21740598666826358 -0.3291985567036854 -0.08011218714680594 -0.16823587999752826 -0.10034614435968715 -0.1327322476541322 0.08553062589832004 -0.1650858656859794 -0.030566176474162144 0.23847553565297994 -0.053032385126179374 -0.34888213809180824 -0.047223443054198504 -0.0632603608878783 -0.12927780565356164 -0.03829156184705793 0.2950754463679427 -0.07231976030525185 -0.302259398494729 -0.10939928870929282 -0.10253969597231415 -0.07499384738640515 0.0706223802359372 0.22045426452713016 -0.11301571077189672 -0.3047148850368721 0.29444051938853594 -0.22625339381016765 -0.14701915745732894 -0.14046182813846175 -0.18522157201695477
-0.4158462986990244 0.1270388055280073 -0.4303067890708931 -0.005642337938250488 0.07777636715175176 -0.018497838251343678 -0.35436091747504533 0.1441966359594428 0.029629106117008683 -0.12242371951386682 0.4277788724587705 -0.14860279376040908 0.2903592489414258 0.16428575485341557 -0.2838609028812406 -0.044457106499319096 0.2251289575820445 -0.14065375424291046 -0.20772234326974873 0.13892561901383527 0.1744898939019481 0.018014744525414544 -0.17644911752626183 -0.06667456931224565 0.07184249876417963 -0.19955904943449204 -0.016168490904440645 0.09831467617928709 -0.24738037097271012 0.16346498706217708 0.016540394537962067 -0.18235477610445353 -0.2088160368625276 -0.09209432504867454 0.19204821802272481 -0.07356055524280553 -0.010288010134271806 0.062232594238565454 0.04585619942332838 0.026433664306005977 -0.17152724237985226 -0.22539404916567143 0.005398280630271942 0.043511998906355646 0.04776955225805159 0.08321435964546728 0.14695354515618392 0.07159750124693426 0.015298088706670312 -0.2956164460116151 -0.21104348695561667 -0.044506025256701005 -0.11450378921110489 0.1018488421172053 0.01652609909407236 -0.4463859107627697 -0.2407902381512544 -0.06379292113391012 0.016250066141322853 0.06340267243289192 0.4140677737049947 0.17209006219404094 0.06086239049204263 0.16874696118081642
-0.07333745303383374 -0.4861575201247487 -0.06247612562294364 0.07791360850166187 -0.22386350660259627 -0.14989861339670568 -0.023096868955663406 -0.3187909725725124 0.14463351644089611 -0.007236982611289431 0.2086478119737955 -0.059031472522724567 -0.34056128251918205 -0.5410469284500475 -0.07044740760573794 -0.555443831323518 0.17975481612637834 -0.03442565701904602 0.12869782527552015 -0.03062769616848932 -0.09319478218175942 -0.1471537190574425 -0.3537968817246972 -0.17903932278901344 -0.06816522728865117 0.06687885536389052 0.017175544640196536 0.05251095918796436 0.07585075948478738 0.11262981848560114 -0.08356079754165457 0.18426517759209562 0.07357973979217776 -0.05784908276123563 0.17982885178602465 -0.03931296076019512 -0.08560113209686797 0.17406463974025188 -0.2694049892080547 -0.27748560776456604 -0.15085171222952976 0.026284095494665902 0.0773150999894863 0.13086846338163552 0.09844705754042363 0.04302592866033389 0.01364218363389272 0.1541975541772621 0.12472721587718726 -0.07814080137043017 0.2261727106368219 0.22071720348615992 0.024607563234510573 -0.021690799566797956 -0.2548961319737814 0.023341580200834693 0.012125532738653418 -0.2077887499839707 0.12676194417570735 -0.49282767949768225 0.10676418012930608 -0.06391875236956629 0.07113239196869282 0.15461430258977665
-0.18377122817205185 -0.07205746675952183 -0.07147208996257726 0.19404706976125594 -0.22251359555036182 0.017356075598842387 -0.21456920392736087 0.07358964420077248 -0.06392052823814626 -0.06627719564436378 -0.18142350303152613 0.018046912997736066 -0.22378095313638238 -0.08076497988065251 -0.16106883253178447 -0.22608298334066337 -0.09967168069482293 -0.0774753032918378 0.1288708856098874 -0.29311483495714846 0.21196990800352492 -0.14433987755492034 0.16883050394067867 0.14591854155951733 -0.25158411313596685 -0.061797810214071006 -0.10641786683862638 -0.04174893495585004 0.04863899921496393 0.2618084871989274 0.11796326458766004 0.038073152814634664 0.1778884135037426 0.11735598140034964 -0.05116049600687926 -0.16955490070276918 0.4677692847106168 0.11539172715948007 -0.08855162058211982 0.08464159135270448 -0.07770839057924467 -0.053606343123925516 0.2316716661825195 -0.01873379356083086 -0.5340529696909768 0.06154761592532419 -0.061918923638580634 0.0226349506579482 0.020123008331857248 -0.14990778547913194 0.11327124322345779 0.09447791810949409 -0.31426768662943216 -6.72663262685128E-4 0.03556089505601657 -0.0427631275090743 0.22135065186970998 0.17903947975428214 -0.026318898973070534 0.037811101684286294 -0.003294204074128812 0.2108367703932144 0.18342483477842733 0.1591830632288565
0.3651229914607168 -0.03557206107481236 -0.05741740633892408 0.1021475506000701 -0.04846032333278658 0.17464098751430635 0.09355236948877797 0.07661989100141302 0.17271919787640833 0.03680311454108211 0.2732626047277366 0.04441477368296308 -0.06059099974895871 -0.05037563127533774 -0.09805259531263348 -0.18368419867725505 0.07208307301395243 0.20553016518042388 0.1589085033297876 -0.12611319835849 -0.14667352090598867 -0.12150365700617094 0.011557574852070882 0.021738546455616087 -0.21788657797264072 0.11510672425516767 0.020334952007760938 0.07924383274125907 0.16473464290355908 0.06710132913588387 -0.07286781323855966 -0.053355715571094905 -0.14568285455439328 -0.2942368715951403 -0.3442757621850382 0.1733429867182905 0.07372724499213906 -0.18863656546955188 0.036691687668538815 -0.183658210690975 0.02751550501404717 -0.03580043085869346 0.0068915952162699355 -0.01721886248526252 -0.05554572216013141 -0.1343974388108859 -0.30810556223710633 0.009931250493052319 0.07470724279629254 0.09862417154227378 0.07972715217848238 -0.0759829224305095 0.1470925044017253 -0.04846478040513435 -0.12670415557661135 0.12876798922875854 -0.18725213107352762 0.03214890377137747 0.026547631369313953 -0.4930519292140406 -0.2802357817410066 -0.03258754688583951 -0.11761721375596754 -0.03241892176145345
-0.05001123381107459 -0.22019388364488132 0.10213706323509926 0.0375839169379352 0.1228373233520571 -0.18759194728529527 0.2161950909180858 -0.17610056679250916 -0.18957195988278136 -0.2734148381940178 0.11692453389800674 0.08646347187513397 -0.04745456280323799 -0.04639896909549626 0.3169908810548387 -0.27153787782097005 0.15201798552715512 0.10058578007901076 -0.17139867859615507 -0.06698982740762982 0.07103796317527296 -0.13773953800025907 -0.3262064094570427 0.1252227518783402 -0.013120473191638926 -0.029436552402698723 -0.03451852882078991 0.0450008815198309 0.027272908248930576 -0.19126313297305578 -0.009139359144916771 0.3337448781438883 -0.009359559316300151 -0.1506184863112763 -0.034136623579827934 -0.06337439893067677 0.15351679656629824 -0.11293120485536712 0.13393344799741932 -0.13331440028073258 -0.1674377929195385 -0.17353707735982168 -0.3141726496842385 0.1440846401240776 -0.03984847386584399 -0.23709721610194562 -0.207327991182004 0.01676822156149606 -0.15157659471961812 0.05054160804945598 0.15073896303429282 -0.10134286512027334 0.05959679864096922 0.07034785418205936 -0.20680377164037386 0.2744281007472375 0.17391486659024702 -0.05381156881477196 -0.08779361643125327 -0.5124803703000843 0.061923083589933814 0.1917082899008271 -0.009685796426510114 -0.356825200710899
-0.1806880355179904 -0.12641045666620804 -0.018413720682874436 -0.029123081723791248 0.013469438289707876 -0.21559705901721504 -0.08629855284151158 -0.07538128237729752 -0.027301001393892615 -0.29118409448436017 0.17049914180764184 -0.0513901282991146 0.1785703950177431 0.050879716451816964 0.08453146710004461 -0.033828074557663505 0.07656208494914013 0.06084056454201526 -0.21382059469385303 0.18160004468845403 -0.028883529726470195 -0.007276191937999253 -0.052771310448999804 -0.08626360745597637 -0.08124536484370053 0.07301806948298963 -0.12867291379654727 0.12554001226895406 -0.29313608558588566 -0.24793155013110257 0.04931644992077101 -0.14968646580047004 0.26060767061228013 -0.06361393883188159 -0.22723406506543828 -0.3175085092404703 -0.28446661307778415 0.04730554573172816 -0.1221940927646105 -0.09585535522585056 0.05785168703229603 -0.04627720373161199 0.10488493528930212 0.04982615781393832 0.010588354525386928 -0.24169736447144097 0.06035360281644036 0.15032243456391103 0.03889519311394969 -0.09289034319314354 -0.08229604654277232 -0.0841252687550263 0.06842583880420829 0.05722896801240083 -0.23697213628125627 0.19138810125339292 -0.0775004887214195 0.16745693045570648 0.05181703568445282 -0.10398257178051624 -0.09426708769470125 0.07225873494076053 0.0995481224501729 0.1326097340334832
0.22376395887397008 -0.11550013026734386 -0.1935718263905107 -0.04317195916020764 0.0975067072900353 -0.019061550085808156 0.019773256950090315 -0.06754516485157462 -0.03214680589724705 -0.17629972935146185 -0.10317333392072667 -0.15324840691424024 0.006183226556264018 0.01978610758929167 -0.09904655836022183 0.18814687824208534 -0.012936835533238588 0.06293478363982917 -0.4920969250451265 -0.2231289598853774 0.2029274427821006 -0.24865885272797048 0.17079617596377067 0.017946456318969913 -0.04555770466800337 0.4531354164830517 -0.0014969799269857792 -0.25799424571829344 -0.07865741031347628 -0.07752498556266545 0.4509724291050751 -0.06601568128308351 -0.017365197553160624 -0.0016346538249168087 0.09459022951011636 -0.15385005474939517 0.19935895421596414 0.010100498149470574 0.06706965454041368 0.12366282407410313 -0.04057171709931746 -0.15065653156774525 -0.16148764411053756 0.02518991613176777 0.15215751664467836 -0.1860979336587946 0.20765801160649486 -0.05816292187200316 -0.15354482570830677 -0.08402383089559083 -0.08336665133214499 -0.11198708501126255 -0.006620192915998377 -0.2708353317594195 -0.056976965214280105 0.09325952271414119 -0.08036410824604752 -0.24312176373593827 -0.11347398259577135 -0.19064191917458945 0.1043109376949914 0.14576646593771658 0.32244627957967303 -0.4938053113644517
0.2505817940044146 -0.9942614259472016 -0.11129746176696279 0.16174634274606056 -0.20350909944054363 0.25615185659297107 0.13389456774563493 -0.04436921952114113 -0.017731679381260752 -0.1644275857066695 0.1879293574683883 0.3785564769008584 -0.4659195822213411 -1.8491002528685987 -0.061542703138777535 -1.6374703892696425 -0.1818655468770102 0.43454534980551984 0.3361810221527691 -0.3839006146023466 -0.6070115406113668 -0.2127258053709641 0.3843954009543093 -0.2845759023160766 -0.39325018459079314 0.3349982165252496 -0.01224730033760474 0.4034141595801106 0.1769912851059646 -0.13866649015432173 -0.7150642824879829 0.2160318759692767 0.17274245899612034 -0.42966643291977863 0.1300410178436315 -0.2710459095922032 -0.08026361980881527 -0.4016989094357969 0.10051768186982894 -0.05711262799317324 0.005956188059757161 0.1262685036531468 0.10056362134604797 0.09780308868423848 0.036038385841447314 -0.12565808815726665 -0.4671491516051297 0.044796498459910856 -0.5797562997137822 0.11184437559681895 -0.08126334533913382 0.24143723069901782 0.14878814143798044 -0.1658175610636274 -0.058373030506177044 0.08642593475032202 0.18546573502142655 -0.23234218141671376 -0.3341698039311358 -0.4886090236104127 -0.050604483779068746 0.24144581664356424 -0.10926916418011079 0.37449473455696464
-0.18523067003843968 0.03191470950890513 -0.05023103437543281 0.10348543473600022 -0.020630178007945386 0.09294317239433521 -0.11825165292487698 0.21652471492766517 -0.02283353577711261 -0.12743654605097854 0.19583919309213363 0.13601539272139923 -0.06204441826583153 -0.2512580289660804 -0.002399796239273192 -0.0021593039154896385 -0.10754221742960632 0.007012560696745447 0.15477151137548367 0.02650190449754263 0.04787305375582699 -0.0028406310426298226 -0.42850762314945 -0.0692640664158924 -0.2999308782000639 0.11549054521390871 -0.11151524005326702 0.10290070492005857 -0.5231687711323704 -0.3249701067027013 -0.0011305440527271716 -0.0763418630280556 0.05918025919580262 -0.09614035102410251 -0.12715262462962712 0.16674414174967292 -0.2031968242836166 0.06953393976925543 0.16408333865503927 -0.02625749264221216 0.08235086884931163 -0.14614131399813884 0.017036825648328233 0.2003561408135105 -0.09912169193741785 -0.08828393038540129 0.07335066194202149 -0.14261124675167783 -0.042859356478236625 0.01218008395394396 0.18457782025499528 0.22635808965062498 -0.20203969819934928 -0.02787255861683815 -0.0030230359151726376 -0.037271834829640256 -0.3978263134677248 0.025875980487088147 -0.11749104141308993 0.06418935610460631 -0.17537655200541832 -0.04237768699434832 -0.059359755005187614 -0.011606873075403727
-0.08138812142122197 -0.1257770267004121 -0.028103728038043348 0.0569789461454024 -0.19021642602372377 -0.08197382210332148 0.06964597549348542 -0.1843032005044165 -0.10828583401833906 0.13330259431350652 -0.1662546689358388 -0.22028870883849658 0.016196919883048742 0.02965191404662047 -0.10807392350300404 -0.025592284576417202 0.06595720804622224 0.07468974076749527 0.025727120686121627 0.09803118039323129 0.004169672456372448 -0.02648634177496932 -0.010841215186135953 0.10740631466524866 0.05196510668526806 0.1427339665669134 -0.14986273304274758 -0.04911245764893123 0.356052312528744 0.2277205858413934 0.13888319118447187 -0.18746804581008714 -0.03305974128258584 -0.29361663337832816 0.41026994442745723 0.10378782575495707 -0.04662696091534746 0.12334576477802178 0.11105321596893239 -0.09540186788110881 0.14363657781826158 0.10107212780090007 -0.18995374996204434 0.3229854137809831 -0.2783415991057269 -0.08746991964972499 0.09210997126700343 0.1437935853878215 0.23984203913922714 0.034856107497747243 0.23895296553741868 -0.3671955643953924 -0.11497758363617 -0.11640773323561242 -0.2675423383036977 -0.3057440349202233 -0.24029282703130547 -0.2345931489256242 0.27953186252551293 0.0027474815229446875 0.0136719229385915 -0.20986881008010577 -0.37214648735727174 -0.20611040972329217
3.2883237857432315E-5 -0.34169496707487945 0.24854664214702565 -0.1925829917320911 -0.18375349988794304 -0.012861434182989125 -0.055744846506931414 0.2771917998659936 6.7862396106741E-4 0.08476822146479497 0.05943421822304291 -0.25717534072934356 0.083817974604458 0.28460242469879354 -0.1642943402237492 -0.06924064136548076 -0.020674921464952915 0.21016653683922223 -0.11160625920391572 -0.04255842201970487 0.19837768456269986 0.003455097163152105 -0.010351569683852207 0.024745099665092193 -0.041922427386046485 -0.38464085540235116 0.08802452733572962 0.04872467580408715 0.1378000927382919 0.2788580022518426 0.1626384883348406 -0.287263769153206 -0.14193361521867584 -0.024454798736664812 0.17328631608741452 0.14280141941058314 0.07375192094324418 -0.046377651916019065 -0.04919370316541376 0.009152920303559138 0.21441946177379806 0.2140621616405825 0.10021764619257038 0.0557726650258501 -0.18522102096218326 0.09443429033169952 0.018553951230250797 -0.049061450057669286 0.03375381743378457 -0.07315454531848348 0.10843064903280032 -0.07140826391284946 0.11429884177980819 0.34366946309989166 0.0824487593245168 0.20332427883404172 0.35078157133219806 -0.240168834570894 0.09197130385444627 -0.1973039539068626 -0.1479033805567544 -0.16900427568792722 0.015849673169678516 0.06478952546341532
0.17263620969084448 -0.10407140712596286 -0.08543235554805213 -0.05150527712387188 0.19464373003709118 -0.3454286802626064 0.2029025288517575 -0.001965392652030132 -0.1832111639327801 0.09411975777189738 0.15150341565369016 -0.020930615841959512 0.005130487817787268 -0.2144999032076698 -0.14386503983728488 -0.06430908175692214 -0.09638948910158203 -0.17074262389702766 -0.11017738529492253 0.26972866665633916 -0.1723590687783036 -0.21234287452715794 -0.034188128525732366 0.03637783139392519 0.05583246352980859 -0.28800470514747545 -0.021109792821318297 0.05883436427297129 0.09905617709157585 -0.09854281411519913 0.1946096728208381 0.2364937519162703 0.08185923638890288 -0.08273983912373385 0.02041149745056432 0.044378461249400036 -0.10225699196854468 0.0028966808484418563 -0.25048029019728046 -0.18136578951549806 -0.08291465979854533 -0.39066833924850236 -0.17574609510925393 -0.11628041237185216 -0.13160715180568328 0.1745735118808003 -0.13944124937922822 0.25301056063208704 -0.03430763889402995 -0.1160973710890556 -0.09869241625026123 0.37043982087807636 0.08662616544501661 0.11673786233743352 -0.010702541347715479 -0.05672192376345594 0.07542118035485802 -0.14840012668819458 -0.14427295062861545 -0.0943607042888122 0.029481428960441338 -0.11390049053487383 0.15921452915685055 0.07882366321100398
0.1559742811629184 -0.37120665956840265 0.0685700446661979 -0.07468820212357247 -0.3805681197430555 0.17757580455054256 0.18007660442241308 0.09734943761202079 0.06299877695111956 -0.07558505092429994 0.16906800612260306 0.11199060136686986 -0.4943110163942304 -0.951369044805629 -0.3443758238222082 -0.8177232204136827 -0.1537858721315354 0.14296792117192852 0.023030605570442276 0.06711788713356925 -0.6619863060187124 0.09436292447814285 0.13237742521934381 0.08118106776368578 -0.18288295823553127 -0.03623048702893288 -0.0825251009755061 0.014726406926580353 0.036281638641030206 -0.2548275899952278 -0.2971523666075382 0.2879926743242384 0.27030259203298074 0.03161113316355018 0.12593530195048813 -0.12388018458179692 0.09315689310712552 -0.13190052457263346 0.21273894845580427 0.08784044421506686 0.02379413985370251 0.051195795288815904 -0.07628550158132798 -0.18987609801820046 -0.014421548819163639 0.03535680772809091 -0.06701748532232851 0.10142941523971492 -0.38200176747154874 0.028843361019193364 0.22424820624209194 -0.024526057744035924 -0.011945460296390124 -0.05624431562492543 0.06771814843477092 0.07417280964210446 0.0662407596484949 0.04771336070794607 -4.042563675620999E-4 -0.599045576671504 -0.04917689181012772 -0.04327823363697263 -0.2561266456718607 -0.08704830913159799
-0.21391194292532736 0.07633164736304546 -0.15703965367655714 0.15375014234696655 -0.07741934495010826 -0.2166492697280034 -0.12253381071838103 -0.018471945766328757 0.07405076816260894 0.23629921320573577 0.06522652413479112 -0.05778186855111462 -0.048581903101958916 -0.03991771201252488 0.06394545675304175 0.006520623939470708 -0.38056746460769825 -0.0676574145398458 0.06714251659340224 0.28357275396882814 0.028677524872044276 -0.19846723288229923 -0.1753976198101759 -0.039228320050059405 -0.18344949787674125 -0.2678828498558324 0.12165893548511994 -0.2330249610221306 0.11962004282958298 0.039808514535398035 0.191481009751612 0.4342771168437545 0.05922490343058573 -0.16612912712305702 0.014054185012448052 -0.09248210850351658 -0.03587284766948259 -0.09084994164542823 -0.18779128203269677 -0.16543524501988258 -0.11892263125405068 0.05015448065130264 -0.07327748456008563 0.11895597745634971 -0.0860088036118689 0.07205625829902008 -0.20318594411085766 -0.0041890150971773754 -0.15210010158303008 -0.018705053830422008 0.04113664045200717 -0.1271418625597281 -0.0060322698864909464 0.13560412938842226 -0.18320625344674277 -0.23225253319484482 -0.021260362838308636 -0.2789357728247276 -0.3179647034648645 -0.19577283347481025 0.009368000106471121 -0.01988940665242592 -0.1952963150989098 0.15695937221242376
-0.04979926763311606 -0.09647241515348741 -0.200204536383929 0.022496618644438277 0.11412872381919956 -0.22171390671908603 -0.05871167772175925 0.1456511208792927 -0.03139215833695244 -0.28281854762760816 0.04376926539015665 0.06948824337202128 -0.10778068056305042 -0.19862352240444114 0.2038597454785499 -0.14112153277595996 -0.3072305938873001 0.6217017846921017 0.04048320241704812 0.12327628176014162 0.22300517194692973 -0.07385993080978806 0.01700514292119688 0.0016083689169191773 0.08425377932823024 0.3495219122859809 -0.02662715800724281 0.06376320052353492 -5.515925070535333E-4 0.0783924723742995 -0.11687710552949117 0.10841416072388212 -0.2981339000355273 -0.11535354956538635 -0.010376895565181347 -0.056289657582673784 -0.16152126637404854 0.29919621590214196 0.12459329942509662 -0.08140063380323966 -0.10308952310280162 -0.00814391187541628 -0.1268745513899901 -0.28357218223696645 0.08918923346907581 0.002627454367201302 0.07539213039789017 -0.008504877979986454 0.004131045927313329 -0.1701848686766131 -0.08905002256229187 -0.12933073438984544 -0.006963965030694129 0.13402610890147265 -0.13212038452924862 0.08451886067471691 0.13075778056905993 0.10153966422353494 -0.16173679256235435 -0.35753545773361 -0.527847492510408 0.29561341112383205 -0.13094119897307382 -0.002029069063942773
-0.20864033659621217 -0.04962596721757113 -0.12038292235794622 -0.11476786817152285 0.02024589835388501 -0.016348333477698332 -0.02537151193965486 0.05041958363677507 0.10193525497933445 0.1368163617151127 0.07961214510767062 0.17597786668929752 -0.25574318617854874 -0.3251721348017735 -0.17191108514535564 0.0035459733903576616 0.1194728308065023 -0.09026577579075604 0.08538316406985437 0.13746496744015874 -0.0511477010536042 -0.01890499393011499 -0.44656577814063647 0.018816093524758794 -0.2759486002489517 -0.08141518544289816 -0.0786966954663396 0.0686714816332327 0.26218860806646477 0.01999751970078916 0.14047298237004052 -0.18251808325445792 0.2921792388073242 -0.06431843210742522 -0.20135606638512607 -0.1633085569654331 0.30646096785120536 0.033223751570196046 -0.12331634932211248 -0.03237853239498171 0.2421543833787882 -0.2963663587719276 -0.14290223839611563 0.10106758859400086 -0.22147117052997473 -0.1751887956339443 -0.34244468931359334 0.20294584755373465 -0.17873384107185578 0.13831737542046604 0.08703715591467127 0.2514573195135766 0.14285889449052508 0.12759180984014504 -0.07742752168982034 -0.11272845595495347 -0.1273222808791433 0.004327609303252513 0.04897227402502062 -0.3975923287486452 -0.08632020012353955 -0.2238160165316796 -0.15379516626469478 -0.11916373052024767
-0.18591505738801284 -0.16591184649517 -0.16612050328195638 0.05976811749129016 0.20004404562642097 -0.0893032842649562 -0.13838934569254635 -0.1829441100551037 -0.011635375697412062 0.15138726788669304 0.09463441541988224 -0.0424569650119429 0.16532871834970841 0.06898638390994002 0.3013657446147524 -0.5043926718218281 0.16734290570752727 0.1492179624995876 -0.04012110144319228 0.26441989208048966 0.08048259676748269 -0.3078278109447485 -0.17505857532465569 -0.07124548304241547 0.2888381316393704 -0.20869582831374436 -0.22696226437375547 -0.15014203941475862 -0.15336317868968974 -0.20596344669875216 -0.03259425412347858 0.23995665328019214 -0.10746980749125855 0.24806406318473262 0.1500301275044423 0.2283744879738642 0.11184248679907062 -0.21412973932759893 0.0011995975875358053 0.1354649848103293 -0.13404642707272602 -0.15140506700582765 0.03480682665839424 0.22516412178903789 0.053078943767634224 -0.3156353186473545 -0.05854697988499313 0.05977602047165758 -0.062125774212359736 0.07891791540617593 0.03454781737392719 0.06432246928845192 -0.053459186427884504 -0.2508770193105047 -0.24093610973520296 0.03879156237323362 0.1317546604427108 -0.08913213573068283 -0.24114072670638476 0.06969707270140177 -0.3962601203574824 -0.07592210232623735 -0.1524514752912692 0.11518495096404173
0.15746525528069513 -0.5334778909336981 -0.12935529887926367 -0.0407295076723711 -0.19081114614135436 -0.07850582295643237 0.05718865203990866 0.14033398732516936 -0.01671061774162812 -0.19658076957180262 -0.012351364571245124 0.16204225156301388 -0.5314870127071724 -0.6310905974808311 -0.11438804835858205 -0.3077131706345171 -0.16722271419731555 0.36304864749745164 0.23510718634113267 -0.4473035229117597 -0.5700045805921469 -0.28695155891557994 0.18822641234631418 -0.33182456009351957 -0.11990038705192489 -0.20938270910751638 -0.24003225859544713 0.5134268294659906 0.1437975901025773 -0.0010617062729506204 -0.4848899955704953 0.4137265529233919 0.19629358903973704 -0.22623772673196307 0.2053013698583439 -0.18666355771861784 -0.10121624659113365 -0.3613420605194435 -0.006970090289735416 0.07636771917437982 0.1422897193679736 -0.014734748802947463 0.1690727630602039 -0.2989264929320857 -0.14915349884984344 -0.3364504869391599 -0.27461284578380346 0.311409001187648 -0.4042458454295385 -0.017322827461229293 0.1343690698634874 0.3064554284122407 0.16836493708618314 -0.29641787160530647 0.08893344021212961 -0.034860949701371574 0.25368794770627245 -0.275883604515529 -0.3599226474736445 -0.7710206761838535 0.23314445852356785 0.10750038966064435 -0.09633691197607225 0.24261777384806343
-0.07403871152678998 -0.013533781122819324 -0.1809130707137246 0.03850697680332298 -0.002838169126137487 -0.34754764171595603 0.14033660809671364 0.02216059833247592 -0.25504204567916633 0.09238482162809973 -0.07860732192751688 -0.01628699201438994 -0.1837406814670601 -0.10541360153534296 -0.1974348201330037 0.08163516007800936 0.017855420541169502 0.07515715673483526 -0.2060773126678632 0.37771266005025167 -0.28726038564968875 0.019935992707063335 0.11645440010918232 -0.07384634186965694 -0.17144069581915128 -0.17911159264677606 -0.09618936733961735 0.36642554803624333 -0.1491521723892433 0.1356502951376254 -0.49453693764855516 -0.06471527396068867 -0.23883354231621431 -0.40617910610176416 -0.08815637575774112 0.07153107882062644 0.12333325930360171 -0.005281950068965193 -0.014865936605875943 0.05866562432636444 0.003504861327628454 -0.06524157791563905 -0.09575858928434691 0.016314226413908815 -0.04382067993500099 -0.1527574250080245 -0.22572629504482558 -0.30167595128891284 -0.1538235048847739 0.2017309509609205 -0.07030025054707732 0.2273294756931915 -0.42624367815392333 0.17310044672964117 0.021874069304171646 0.18468910861214544 0.2306953446779908 -0.25801379798370905 0.14209257846709056 0.13108793025945534 0.09865540711946029 -0.1547363439152134 -0.24831873558146086 -0.21654887014429022
0.17308216613658725 0.0315338249104546 0.16511139985878542 -0.1610438428355729 -0.22107482906679427 -0.01053756048979054 -0.16488220808991108 0.2824571822266969 -0.23767151310607515 -0.12480643844532925 -0.16459045238710482 -0.20278218208058793 -0.32002177256805736 -0.44797896654914104 0.006281693727848898 -0.10790392966806073 -0.32371570041851583 0.011524460288789218 0.026830779600668653 0.17452907306765578 -0.03342754895728521 -0.02753822942083973 0.23783630926443333 0.015869928011992347 -0.02298808040694575 -0.24229641742271577 0.07648609747162133 0.25584385015947136 -0.22797956219018134 0.06364690913602133 0.22805517500252306 0.0775474913385493 -0.21427732598314173 -0.1960590443227678 -0.11843107313925212 0.0027608911278713447 -0.023238346838722203 -0.16583132425266786 -0.2808060789883109 -0.03702818851366012 0.21722000526057844 -7.700376920456713E-4 0.21011711923292253 -0.08261147989027093 -0.15576104475780644 -0.1433059151631655 -0.03427124414776531 -0.13565367403004283 0.1488771801262501 -0.24648884710836327 0.07640163944318061 -0.18249625566659314 0.13901535555499325 0.18058482110468482 -0.057950872996237086 0.3504561689861629 -0.11770175899595582 0.006046553164038937 -0.2539767362834031 0.2326833714047784 0.0033946537324798806 -0.059686476557314856 0.06188978640502528 -0.11943062384388967
-0.2725402548413659 -0.19655796779184215 0.20978842432032016 -0.19136287063399132 0.11708457341623744 0.06850182608036887 -0.16792425721987847 -0.06181807064879442 -0.049903920588972535 0.07340485209492485 0.05751770181255337 0.08791270870798934 0.06888025680363381 -0.10762460123426015 -0.027392374617829948 -0.008809777589386674 0.25088224814015947 -0.05687365731927113 0.06292632756705185 0.14754426526211062 0.008972460112848064 0.020748044862551534 -0.02181068602827463 0.04024819183747905 -0.2849163015530983 -0.22163824475668645 -0.002078510046900136 0.20096195198883815 -0.1750439326180863 0.1699536824827641 0.014750685013931232 -0.16219786603744316 -0.20850229203025694 0.2019334500471567 0.08149136487044102 0.013847122744303922 -0.36145111466277324 0.18982901763560345 -0.1849429665523207 0.39811478233259423 -0.02287236757593602 0.3450001847324631 0.0931014981454988 -0.2185448596427682 -0.4276611525199446 -0.13963191408910053 -0.2735767890045151 0.06758154016561131 -0.031833756168584075 -0.023815233095537413 0.04394700229608374 0.08601377411725829 -0.20133648920593347 0.317245567875955 -0.4070303825211452 0.10284241622434516 0.034470138216168164 0.22270147359981912 0.1540758630220967 0.025370568944927164 0.29831059384773895 -0.048312948822079926 -0.15786653871869824 -0.05804619502454203
-0.2122706028497157 -0.0765839092274302 -0.3913195258794217 0.047391684640008466 -0.03784786611328569 -0.01623613801677741 0.1750575237513455 -0.06389069243310892 -0.003092848706469822 0.050376013446537235 0.018414022225217586 -0.07979664339896635 -0.3387515776696895 -0.14417216560701096 -0.19732503027789636 -0.06571991538861222 -0.35460173778971515 -0.3281465431549836 -0.05304745996482397 0.09238720878494196 -0.3262507880097556 -0.11652951941794691 0.3117878579114864 0.051932339027837046 -0.14089686332442716 -0.058573061070759866 -0.14924638242472313 -0.23122607869321912 -0.10344876583555886 0.030559169025195003 -0.08174160540738391 -0.11488089401524404 -0.019464704207784473 0.16076959820775824 0.04835033662742611 0.060767809027369384 0.14814123291575385 -0.05608475322054125 -0.36276416975922515 0.04608871621101329 -0.24891965726437967 0.19506951697823022 -0.313534996856362 0.020023579671423694 0.2798686955605425 -0.18029118743834516 0.036885534023317124 0.223286770490778 -0.199993767942061 -0.052158201905797875 0.2283554528823409 -0.21050066637719458 0.09657904630475504 -0.08924573766471745 0.06840376501347091 -0.017271996504062078 -0.11061911483123955 -0.012601913984996257 -0.27778906670662135 -0.11326286115117447 -0.30343181326200774 -0.012911419508429089 0.09707113775037846 0.4018640655277978
-0.1943374068773135 -0.2105723387544073 -0.059545890366760106 -0.03137276242972757 -0.16922137910864823 -0.0018617479998602306 -0.3449203317763431 -0.10626120632892416 -0.023770837902228382 0.013846803743254206 -0.08717793507076697 -0.02880115073372289 -0.1836813573701852 -0.31551756346023396 0.06511492378998752 -0.10984112944983616 0.3728304425837328 0.08969125647839107 -0.16211491327276129 -0.37769120925891164 -0.4073719724684632 -0.08898724812633983 0.10531311892522119 -0.026611702149951885 0.012626278923260069 -0.09125568025170241 -0.06520332051152776 -0.13214997535383616 0.15464004077124657 -0.12200873686687926 0.20934284196291944 0.17167572572008977 -0.18314523799882015 0.009952307392036678 0.005106226452017104 0.10640482293339729 -0.06061038291579745 -0.06013075827189935 -0.04292217927241914 -0.13343850060528478 0.016134947145347786 0.28051790429139917 -0.04823622666580023 -0.015486963788809888 -0.09462354123014745 0.06161802241701283 -0.15913106316795608 -0.13252632022962485 -0.05895864406813352 0.10754109234599668 0.051796523984563726 0.41468830341977647 0.06519518649350407 -0.058977653551865815 -0.0660135554528159 -0.2727166286298369 -0.3619911947433654 -0.017037914241849937 0.15051489658152828 -0.062296449570437284 0.21236235662884867 -0.19575454461505873 -0.15328102338313296 -0.02222999740147768
0.2543068326684059 -0.2625461941536799 -0.09352800365071982 -0.2583931350533816 -0.17912006252004412 -0.12589678713090843 -0.0020164152797153686 0.035737242899743865 -0.13313914907176708 -0.09826031639518293 0.24234872992469245 -0.04176970947137828 -0.04697857005063696 0.2197361131584724 0.10751552265186605 -0.018417624344514914 -0.07567712510401377 -0.09787293474406375 -0.1580928107297398 -0.1959353478595084 0.4373654658828767 0.08911919808146729 0.012299521324484891 -0.42238741999314156 0.09660592834761937 -0.3280912267387138 0.060489510319863424 0.2063261333447443 0.1315800251232069 -0.1392673972580246 0.3330509190464841 -0.07075728711301722 0.07852749998228754 -0.21531163973635434 -0.017790340618868257 -0.17888159718459096 0.024307458282218333 -0.11586787845215592 -0.008847806938003135 -0.31215225503959776 0.11789842930821821 -0.41617538109700564 -0.005200660948959172 -0.024384388049383598 0.25140897470447743 -0.07664210726643188 -0.22584585502078114 -0.05338502732516021 0.19049250186023636 0.05284510835234358 -0.09022987230755633 0.12525893892689435 0.1963498476079049 0.12201431633721381 0.013211090434428108 0.12283332305274024 0.21520828939970021 0.05834312663117072 0.16966865073821238 0.02208062135281968 -0.1060034705404359 -0.29520257896203383 0.2592321600583627 -0.15977718814777583
-0.11265609660352095 0.276898329220795 0.041600550502816316 -0.0977059274870539 -0.23590498236036844 0.20538989169098748 -0.0078038433189447625 -0.2891716468439992 0.2823139205978168 -0.06005953486801753 0.43478306358181434 -0.20941555030142617 0.1552750210231161 -0.2182066831619331 -0.04799135306720783 0.2599638855368355 0.10633383331382099 0.18335682350845098 -0.14595771058862367 0.12940077037094747 -0.2633307527068451 0.3141446328121037 0.37019625877208123 -0.021799303791170253 0.1763094081475508 0.17542184256325788 -0.23432750538217847 0.12388074591201485 0.023239614608545105 -0.10345647214619352 -0.30928771473432576 -0.37362293125688256 0.03126603003673533 0.12327676863018051 0.18465359107692933 0.02396529162363841 0.0912715851765831 0.08092110925114203 0.13465069643974226 -0.13368000111121714 -0.2803218409472758 -0.014419112417121757 -0.11469445988398709 0.18154018007424616 0.0670649686654955 0.21706252005829432 -0.2868260759610508 -0.010568245876831186 0.08501819104426607 0.3263084065381879 -0.02717711323920637 -0.03454512331778127 -0.19492758435969582 -0.14986335280125943 0.012382356316401912 -0.022617762390715033 0.0027974021822417556 0.11204032184301668 0.01008937509428794 0.019191911797937358 0.036057629899729625 0.04794048133186934 -0.14735070475908618 -0.3510745216617426
0.03284042236136631 -0.13541629350664622 0.2572296412167787 0.002132249242381724 -0.14191176241102604 -0.1089557744139432 -0.029292458021084565 0.14221264955671176 -0.0612491670329969 -0.22180989564299458 -0.38761808946206183 0.1585196427869517 -0.15104205334141158 -0.2186690468571288 -0.14369380406483573 -0.24449361805750872 0.03208833013430373 -0.0014922956147502854 -0.010011593330607962 0.20335103718039332 0.05527969854283596 0.2423687701821755 0.3696480871478339 -0.12988416700682712 0.29909148359607884 -0.06665732226473266 0.05753181783480561 0.041083845536850384 0.058464934307053185 -0.3226426556341211 0.407106265617076 -0.12283222498541496 -0.03085680958340083 -0.013806087102857165 -0.0755451716712582 -0.08607713688892195 0.15171599696498822 -0.06458034066549859 0.21251812476249451 0.02795327927226247 0.09476314711630489 -0.21087100649431084 0.005692262628848887 -0.19907742611427556 -0.11771586800805313 -0.1724104153839397 0.10903178398439228 0.003055173428065982 0.02301783923510912 -0.2514977433951766 -0.2652461190983386 0.10878426047156844 -0.30301534532260344 -0.022457576682368023 0.0023990441164741826 0.10956669427136122 0.2977746106418466 0.09452276404235137 0.06801583411432008 0.08695373795486933 0.15548167421621575 0.21129430244569547 -0.18598268353960012 0.15070981154441365
-0.14388089266920578 0.059719834865393555 0.15690555520291727 -0.12909286876764856 0.1031563711106658 -0.08932274629197481 -0.10201256197014105 -0.011656066041443749 -0.0431303248442353 0.08446177806718366 -0.1819450738313328 -0.08504151095142154 0.013114235190935922 0.07596214950165663 0.12181595099827923 0.3729751464502782 -0.060466433061897557 -0.0618672359513653 -0.12724872246475344 -0.06302417219869046 -0.11325897155547812 -0.0011156485220001069 0.13292093330035754 0.3638082231480712 0.04079117335860723 -0.016826435608221637 0.1230984481370342 0.06099363051793017 0.060848321249845364 0.25000046204161036 0.13652910850974453 0.09158667438330989 -0.1907569390864106 -0.0694871303828207 0.02246332332552793 0.1188838105277558 0.312710778989203 0.04009441833648819 -0.10202330729115351 -0.3362580902730815 0.29011788836022406 0.029489695877978978 -0.21005938445213698 0.1327309862358104 -0.07013188971968388 -0.03159847842029689 0.26254163842653017 0.15542525406783406 0.03487003572127974 -0.04237733445870842 0.18405059254632014 0.02096657323634784 0.10988838775400335 0.04729067285339809 -0.19244080266284153 -0.1203657392820404 0.11260065145622987 0.01582078600751286 0.3456343168129162 0.32793776615051257 -0.06513540217437332 -0.21325465428639054 0.1948275952692565 -0.12266615792624666
0.044004647916455274 -0.41121651118616603 0.06851331015784454 -0.010401194574448028 0.05320855043187218 -0.3687830346804995 0.0222467561050505 0.018669278955516847 0.07529972635052025 -0.22687491242805952 0.21862339433141526 -7.160793710921338E-4 -0.048855711291384794 -0.6683309455358217 -0.18703881974676212 -0.4389384580536807 0.1362896673978419 0.27571533782021146 -0.02468792739824959 -0.22532990111253257 -0.4231740089837094 -0.48270220641498696 -0.09656858609005761 -0.24421252419181042 -0.019110450685971708 -0.11072119529817512 -0.6384607302032296 0.14433525506458506 0.011537150752324319 -0.015955060011985298 0.10409825773917208 -0.1347615155489527 -0.0749326820001166 -0.09568708075196182 0.15396911541808483 0.05898259506296234 0.0963671773140692 0.09987491501730218 -0.16574729245918304 -0.19851015004589692 0.07307713512972484 0.03858267144392883 0.14966544967082757 0.037684432846567605 -3.3069448629609847E-4 0.2527224435998711 -0.12438671364537951 0.19792193493862129 -0.34970622881269203 0.059501808769271546 0.04148868366052253 0.09682003216718435 -0.04388285974286032 0.15316017966642292 -0.07934949322840466 0.0654521479482543 -0.2471142002279546 0.17538216998296532 0.22343613551284594 -0.2849647643244366 -0.0958954537722099 -0.22219898589940087 0.006442612589356788 0.2139812529164598
0.003609387094190848 -0.13478947187933493 -0.006139671031086725 0.18018731631262946 -0.19563906403166367 -0.2179788714183528 0.009171287321198873 -0.03898706981795716 0.3115834682265099 -0.12876971761421194 -0.08289743298311655 -0.3259438727831146 -0.14409390360427457 -0.134668287476891 0.2641612803116537 -0.14387293898977596 0.11619119093056968 0.2599538849935535 -0.17291203735597227 -0.111390359894226 -0.09227512622834091 0.15570408440399106 -0.06571527958864197 0.031610127966423 0.04532397201668314 -0.03908050457931677 0.0373971388523563 0.11195123791351876 -0.3087018861830386 0.0451898343276786 0.08078488297310012 0.2886636554777727 -0.0849162216254086 0.06018058318515346 0.026169203358453526 0.26067251517850226 -0.05902092928755639 -0.07880315781344018 -0.430834516268989 -0.2888862465522768 0.04664240291019342 0.21962526739364666 -0.3965313051935938 0.09918383499008498 -0.09708598597443507 0.016641400224763337 -0.21750772751672404 -0.0026514760307334542 0.04944828062733764 -0.439127820136145 0.2731075521180131 -9.250692176673495E-4 -0.027691019300255183 0.08245270955655926 0.008122369812448179 -0.17274869085240202 0.35309485126282864 -0.2144075717960079 -0.2948147387167784 -0.17011333546456336 -0.13921096712877598 0.09745479597537712 0.023495400370941333 -0.12380301679145411
0.14147298897032587 -0.18466328778450825 0.032714078752711546 0.10194759389090796 -0.1565838788197108 -0.11812680708934394 -0.07403682462441864 -0.09927588787317862 0.013704943276188196 -0.010668048983181484 0.03468181655031447 -0.05714322067408665 -0.25253492142548284 -0.4074245492110027 0.23085512114894988 -0.343623587750928 -0.015421395591784078 0.1655380565561461 -0.07922075397564778 0.11158190771425218 -0.29323654670699123 -0.009671150264248666 -0.14799520895977694 0.011500663244802728 -0.029636351685192616 0.0793436935406702 0.15492776872235223 0.1545479226436628 0.0219171635686553 -0.06830913920412238 0.0797860573481431 -0.2487148123414058 -0.2254249194724027 -0.10868571767000504 0.05413985919486126 0.04133371434078881 0.07169459275767463 -0.18007117321206703 -0.08609850359505267 0.008697429446889577 0.09633843487156736 -0.15011281025651627 0.20687908651890285 0.02973444986775849 -0.1035367998763167 -0.2528975167160901 0.005648847892373285 -0.13199055613887448 0.050056374745196974 0.12979061705432765 0.012129726670845446 0.18367531476598814 0.12178857634304538 -0.1862669493969773 -0.050571249027334085 -0.07460157940098198 4.7204106873414015E-4 -0.5351071065220875 -0.19390988241389334 -0.17919845331015097 -0.2219057744139877 -0.008089117476830825 0.08410941309037849 0.029648539021768106
-0.23006108345445325 0.04495067333546083 0.07240034925214253 -0.041385894601124025 0.11291111840928648 -0.19478684055464102 -0.08795661989473673 0.32144371827816864 -0.2883863765862625 -0.12329303889526201 -0.08026360896886418 -0.3555015267620209 0.005347542820513495 0.4065012324137897 -0.0012485362910171747 -0.08279660212018192 -0.1444764026867991 0.10361542782221572 0.16266720744656785 -0.059655372978044734 0.07806493315536142 0.13388704947769842 -0.006188802062425249 0.04946171060181721 0.30979383788875464 -0.19347810936076867 -0.26089679054019016 -0.018357414633732746 0.05465836712465971 -0.16282533837846258 0.0933778627083145 0.012844480830441264 0.07246396227828024 0.1795757171513957 0.051542005357750484 0.32086815296944027 -0.10812556553088044 0.03933606757705802 -0.011483248896264618 0.11573365725700316 -0.2829364772489816 -0.01224930258111846 0.21036398262969555 0.1523558101379611 0.07502618349351116 -0.1240545320396594 0.19838903594374213 -0.07417635566902143 0.062351601591048966 0.44652582160167004 -0.30143990290077116 0.10070460316640639 0.020659548246837967 0.03802808406821419 -0.06988431291641634 -0.007579994318249699 0.2990579041906435 -0.0889235766344465 -0.15316850530840573 -0.09806649980116834 -0.12010816771083588 0.08048561365191756 -0.1289419470317065 0.14169443411527163
-0.2090986748182691 -0.006852652015176346 -0.09624810998497027 0.03595591242575829 -0.013504529482581486 -0.027313157473391983 0.05894398063816493 0.16653889131838265 0.003975085022536636 -0.08619238042038507 -0.16842593159463193 0.08131464982598312 -0.06292574920098311 -0.45575351640870126 -0.1601991814421712 -0.047557683691708354 0.2201487426266459 -0.08016935464279315 0.06519132130832297 0.07467661985025507 -0.19639178537420363 -0.06914273634144917 0.08300928039323185 0.03246831547982009 0.22086702151673024 -0.1509654478557415 -0.035658813859629504 0.08936931442398509 -0.0893692373153746 0.02863019302023826 0.139412308113548 -0.09788088078978889 -0.013057942790962883 -0.04958995144266767 -0.12940571951749497 0.22175376331631674 -0.12087285649592183 -0.08133792127783218 0.013213206263932584 0.11684822265022701 0.11096688945316122 -0.04662785083222392 -0.09351516160008849 -0.1599608364216554 -0.06482605224428786 0.03010979099397345 -0.18060102557445717 0.059152048509799826 -0.13642234327269762 -0.025673901588257244 0.10455269292292171 0.16165937832851499 0.20886433391989387 0.03289072676264497 -0.3935710245160168 0.02078308375678183 0.16816223436378913 -0.17146182186413342 -0.43908265856052286 -0.08509778413982365 0.0015071753570533007 -0.03544879222254214 -0.10143747502914627 -0.11030552605066074
-0.025978089240312627 -0.2969950735509304 0.0853277152413485 -0.2436481633811182 0.17196481818114548 0.15646110168718722 -0.12696803527247794 0.21749188690463322 -0.47804084323628576 0.11611863151333564 -0.2033789287675163 0.2722347415766789 0.20997462322448712 -0.1371559489089266 -0.1710691371898649 0.1027910371474164 -0.04448336867859839 0.2048583497078959 -0.09427548907201874 -0.07155661296838908 0.06040755729930569 0.11743039477792772 0.1269080366492152 0.17289365238625265 0.13127927744743206 -0.06635357998477491 0.013345600667574826 0.06413545344504125 0.22435177086937733 0.19778329377408513 -0.2545112516106046 0.07247917718838252 -0.20090635611005597 -0.04910865605872564 0.12395178406535866 -0.12462108886214085 -0.45133817207811294 -0.11753743540740451 0.03209088957180992 0.16330374947654963 -0.06272305500040995 -0.1038364907557188 -0.06653859372330437 0.07431471775107978 -0.2700364058086966 -3.4400402182516567E-4 -0.14441762628258734 -0.17473815528476278 -0.11155625965914845 -0.10440043565930901 0.18943040749452278 -0.1504311232808367 -0.04305316037180047 0.037633631692709175 0.30687508236940114 -0.10959709833502221 -0.019935816000014206 -0.2692218582961059 -0.10183829874024997 0.3100874827978151 0.03663508110900394 0.2261154444091671 0.021055853853862255 -0.02792639593712912
0.4430258507747815 0.15855325330650374 -0.024221205160769404 -0.12106387312535999 0.06480109817775605 -0.08063948845496924 -0.07861415516867752 -0.0030941404990559723 0.09048742796729634 0.014911126486455418 0.19589578123738297 0.1631820043314835 0.07298629004845524 -0.1954200038143355 -0.25032044542656906 -0.20708128863283642 -0.09731697566962763 -0.009723017750045566 0.07253655176971971 0.06264607981242189 0.06783597233757636 -0.27754714879905856 0.08490982293712968 0.1979696241316089 -0.03575356677994957 -0.09248596115858507 7.365827799665642E-4 -0.15479435402824412 0.061803736582009064 0.0014018007198165446 0.11017577273576201 -0.15837314970227795 0.15550048947267148 0.39927042522870587 0.5196828792831651 0.12667312202228276 0.0184486959463812 0.022202632680188256 0.3694650939559345 -0.1982875110914184 -0.1274747297239754 0.02194394582183337 -0.31531065186843005 -0.15901322033727724 0.001391181071322521 -0.079692488453957 0.2152005451139425 0.022884561154989404 0.017006272117139454 0.1323807422874411 -0.20026466310137164 0.37253602601006774 -0.16828453939724086 -0.3056431102273066 -0.14674918872294324 0.04989901046059063 0.2657889901940327 0.1019280679336029 1.0708274805801294E-4 0.026784971036615264 -0.13151691763272716 -0.004913398642312521 0.08670112744360271 0.29669047640534096
0.1487448249989176 -0.18267149134389954 0.1438520968457877 0.32419311981184745 -0.09773050394459219 -0.20827377499914682 0.006003182147447806 -0.3206727160300471 0.5609989970471839 -0.1946691640755655 -0.6449645161797296 -0.03285272122842216 -0.06039433739741488 -0.49571507769345796 -0.13124084909304004 -0.33009917895078555 0.5336463784432883 -0.1060013486955133 0.5681966700624173 0.1770988784802435 0.12135268026005505 -0.1733115579275409 -0.08550520326830147 -0.5042971905179603 0.19502235438295049 -0.065390590017827 -0.15381928718794952 0.17426005695457855 -0.2196970587691634 0.2077143650618807 0.08929302403343513 -0.6300116613463962 0.15122132346636422 -0.36671561026379934 -0.4628398701273059 -0.27801119723520495 -0.4095819849660873 -0.2854081789955292 -0.4667273891606382 -0.21076610016087335 -0.26963835573781963 -0.32456508133659256 0.4394892374025985 0.051574339683939846 -0.46529297240415074 -0.06633750363603212 -0.0768867744258066 -0.14373842263988973 -0.23113260900604707 0.15241673500045871 -0.4928983188185266 0.32600365764523925 0.26710129857963943 -0.5165992597422259 -0.31706081287986204 0.04718038053043717 0.010697837346585823 -0.33286706518711756 -0.2131691780469164 -0.08951488465056653 -0.1641349641441748 0.1199723879699406 0.5208964517767175 0.044287511194718694
0.16378954874455715 0.23306035296400104 -0.06399194026898725 -0.025617244952851267 0.06765142419592951 0.060930805324456536 0.11685162883757665 -0.17946412406947426 0.1222280421409077 0.3099972173121772 0.267847697692419 -0.2136350202504838 -0.167739209618493 0.05028143817793779 -0.12799048889176923 -0.018064550422551423 0.09052028854320192 -0.10562860720241028 -0.21794614770784027 0.09342307334175592 -0.33847122524890655 0.057215614733239266 -0.1685469239275845 -0.34275752285082506 -0.0824528232753528 -0.06798633200974305 -0.09620724979637957 -0.06592392802015724 0.18712391961071423 -0.2566044132761844 0.03350997129751664 0.2651441614062316 -0.09808852144913294 0.21812682567824346 0.3127868771936851 0.06441287123827051 0.12999986881054157 0.05766782992951595 -0.10171144728741716 -0.08002394571805849 0.008076348987787247 0.01202267546557386 0.10175036760340121 0.15605504969070386 -0.00694493975516145 0.04330080287018989 -0.09254919487381354 0.21626796060295791 0.061679997948115226 -0.23218265841311392 -0.19681654878939847 -0.09974334842372108 -0.01140318010239888 -0.014043788507684939 -0.169265587066464 0.11083815528895778 0.07856531391732526 0.01591858106521122 -0.2021418513785489 0.0399930276574362 0.2079197416071163 -0.2398070854360464 -0.12127701462359647 0.07174281066067327
-0.19830362862418094 0.10347407158838362 0.14868693289833113 0.02881886379738626 -0.03338696692606316 0.09266462669107017 0.1474860287881201 -0.11592737778761783 0.21609041124548997 -0.01507851478536905 -0.053959229574874965 -0.05740127614079797 0.07731077410607154 0.005082993550604604 -0.024302173660182357 0.1368513271283658 0.18101634851544834 -0.003937298121809857 -0.1876673064837994 0.014642450274365351 -0.21245468068809245 0.08491313875541635 -0.2790940413369663 0.13530615496615125 0.15456455947388928 -0.14028712833308313 0.2730136925174868 0.056586598564978025 0.04213522117835119 0.015564305825531193 -0.34850392231920907 -0.12216857295952539 0.1610659297223502 -0.036465235547441764 -0.20908195892706008 -0.05758048526165472 0.1588114233734923 -0.31458766395533416 -0.39482955667945946 -0.03409482937553436 -0.264399710552345 0.3583732837659784 0.20699292966884902 0.028127041262231103 -0.37816969220663704 -0.22814831537763244 0.20534912522612317 -0.4517343961050499 -0.061088303207409364 0.002260346384483125 0.055541268369009286 0.05085443624346376 -0.1870830524156248 0.20503651124916547 -0.29525336280756986 -0.14089070136738507 -0.13369694899932996 -0.10726348020786547 0.17403828736977955 0.28052071622114644 -0.1553405479600111 0.1057638628220515 0.14201920333481693 0.27238658739279825
0.1404004315029765 -0.14648110935626876 -0.01915627332445254 0.07930171596319566 0.12461841622631634 -0.03755160302278883 -0.00563149556311123 -0.19833932041776797 -0.08205463160444403 0.06162435473763225 0.015505584913600285 0.029727555445148688 0.025917379355672846 -0.23866422344286004 -0.3180580945581969 -0.13963302242199035 0.07740974971614577 -0.3238601177659542 -0.042700306728921125 0.04299881807710212 0.04751725543082326 -0.08931009981005741 -0.03316972989231333 0.2212907746953212 -0.16958499783207967 1.4677053880373284E-4 -0.14527901147868127 0.1447417566322342 -0.0992146162679995 -0.02924179647012422 -0.13866196758452526 -0.10990397569647443 0.279408729754033 -0.17435935643451902 -0.012778661374208074 -0.04372204339299622 0.20378700244638545 -0.10933176083900598 0.41282878321355543 -0.4382936644926287 -0.16424708384910217 0.15410013410230314 -0.17545624925330144 -0.12460992669471488 -0.1592323438368453 0.1773513697875044 0.06440044869610734 -0.029680340229530488 -0.033850920490404716 0.12503192481555456 -0.14436555560497477 -0.11333776321754838 0.2819427387757028 -0.19187039956658433 -0.2995231660336156 -0.15936946384701553 0.03883537000917425 0.11691111862212379 -0.3069611801422667 0.051178685640107566 -0.24017463892863003 -0.11181529241415389 -0.025663322163326875 -0.02104708475672975
-0.043665501388403805 -0.023946622776410697 0.23263511793157787 -0.36776928996465336 0.44284133545143906 -0.06689059368787406 0.050197242141038476 0.012012613670105332 -0.038276432189848685 0.24910853646851522 -0.15832735569284126 -0.0990322076670521 -0.11749336192129203 -0.11913825914073162 0.052298443855849676 0.1368670284988171 -0.14949977529704994 -0.20690593840348562 -0.23087799018233263 0.07577681769471332 -0.15795711975554447 0.046395285900849854 0.3320010202652764 -0.03011521749876882 -0.07117226723913055 0.40151528028070527 0.18494354374729824 0.0729560143529615 0.1535140099539555 -0.006893492119589321 -0.130608227089046 -0.010371011630999507 0.07551099523182303 -0.044720869555520265 -0.13425050396918375 0.23584594109201643 -0.11274489042213807 0.2275011702496223 0.08886887927809198 -0.02204341583456175 0.14244832226206305 4.6785683666730244E-4 -0.2160301955581213 -0.06758172754775917 0.06082710753093059 -0.0048227962535764245 0.3128521001434347 0.1795408232258693 -0.2214384354769913 0.19749124096362636 -0.13382081351228478 0.1982781805279774 0.17765907631673913 -0.12877360525307205 0.02196339767658041 -0.11099696824641149 -0.3491239251056464 -0.012940587645519207 -0.1715641337062885 -0.25723262498320465 0.08270470919039627 -0.16934829860050565 0.1665121609056459 0.20506109019678959
-0.16462652558608737 -0.16434068223891207 -0.13649415900778875 -0.13477473331067172 0.26096842546806825 0.030992366293684705 0.03839559645701291 0.006844471083322747 0.2856774512938694 -0.4620325154721366 0.10638834617976042 -0.004591222372217183 0.2433333498815421 -0.10620633750472608 0.0692199755678562 -0.11271603466194989 0.05503332532550061 -0.29594051726413895 -0.13170287138625497 0.08415575122147245 -0.10059161742095354 0.0028109881252895087 -0.07398302112370517 -0.3073508249782386 0.1601081385943315 0.20850891070224453 -0.192465373477987 0.11676274669563963 -0.11322829195343706 0.14252357149900577 0.20637502394196536 0.10424513523434581 -0.1344369329682248 -0.010337695875524107 0.09445089407540698 -0.20807200068807855 0.4216767368927052 -0.0036068358049957784 -0.1540900135688069 -0.18313787501573264 -0.3456398967529948 0.16331557005397207 0.0018734801211110592 -0.029727227171044666 0.07986742045591451 -0.018439496954547396 0.05433555222937797 0.10642958806216123 0.21730975388362658 0.34574594433380124 0.07077904897338747 0.02689834598710702 0.13837882241113073 -0.1920575684674309 0.07421504359587036 -0.11324894746333287 -0.018390900864433003 0.13592420058048804 0.04271061300886578 -0.1389141809491135 0.09303524810774891 -0.02546275265542655 -0.16304333443560695 0.14533827552810866
-0.14862153915374152 0.1093169581636436 0.27254096174054354 0.030395401697818 -0.26551379522091556 0.3011597105432639 -0.0563445997712662 0.1292922322857758 0.08292035945139051 0.3023923033972579 -0.18480542679697798 0.16535303023292508 0.07179478177989496 -0.12582779416761672 -0.16740428632831852 -0.31126721881377756 -0.21017125244129783 -0.22242996320206193 6.094930126608719E-4 0.19158681986507703 -0.2693793291125821 -0.22752565334587524 -0.17033236047912853 0.1466533217431597 -0.06803482629929698 -0.1337813199168042 -0.0014182366539958753 -0.17849164378281637 -0.04233759997761952 0.17712243697811889 -0.10160969059325443 -0.1409391215353767 -0.029585353963088847 0.2552490720962695 -0.3942433742130679 0.22655304871457396 -0.08449838531167554 0.12814814396826515 0.07732479004644302 0.1583693822781307 0.056972867007394734 0.04143708127569277 0.05780297419277944 -0.017682411706145623 -0.27459258322678354 0.056572464713678605 -0.08944446330815577 -0.046147611464346365 -0.009730516166262007 0.0725109137332061 0.35940850807979946 0.1519983487794423 -0.17984643243670298 0.11197237076774266 -0.15552894056692126 -0.18893287479497226 -0.16673851261847014 0.2668142951423421 0.3136382193369299 -0.4092282374576583 0.17466999653465573 -0.171945938674865 -0.24863250202416953 0.05004153876729326
-0.17718750888001325 0.02471246667720542 0.0734939573067473 0.0809618846605273 0.1591428618566153 -0.045885528118054644 -0.12824719889964256 0.16690081574905785 0.13021926434442746 -0.11906418547055259 0.03422619933845638 0.026295509329864575 0.044443884652291 0.5265624018547461 0.0855104924958523 0.21818335717504758 -0.3233127363501785 -0.1268619492045276 -0.2932078239587908 0.21182459478418858 0.24093043871862005 0.06981323008777504 -0.01199543083837499 -0.3036390889551167 0.06382640882002837 -0.023680778478780085 0.17542113455688718 0.005609149041263534 0.012517536089814986 -0.04332789036104215 0.09263060514475835 -0.23561759929706874 0.07848177064213797 0.10504036758289834 -0.1369838798323625 -0.21394330396478173 0.04626137877716527 -0.07280115398764171 0.0427167159791667 -0.24496425672831415 -0.1240224137417095 -0.16829604336723925 0.11408438402514193 0.18249808553363397 0.09393683383343417 0.011662756267093156 -0.0734029504712275 -0.18520088962836995 0.15056884588367453 0.10196281585363302 -0.31101101655745145 0.05004465092915367 0.006562085663109038 0.3661668080487894 0.11588666408929481 -0.10887716529251769 -0.11983234189931467 0.08047533093850406 -0.007542263526891039 0.17694538308615698 0.05601752353788294 0.08933964923439475 -0.09130566989955019 0.04611297452682249
-0.0494691185108466 0.07618626855527527 -0.03607026640882893 -0.40042649278618486 0.43383254980374625 0.2049810252327146 -0.2753450800140691 -0.14311371499290063 -0.06564094623797302 -0.02955110314292508 0.2526558914399942 0.029233097383672753 -0.057256019724519575 -0.05663676556300785 -0.04332780656020433 -0.24219742345935455 -0.09131700535484658 -0.06010925706192249 -0.09340740761037511 0.10932235456301877 -0.25220912777292465 -0.1516158654929598 0.11131495284611291 0.07728035693561183 -0.11585708806333693 0.3147457270240747 0.1673305661027153 -0.053254861038427345 -0.028097446557428022 0.2181506286918401 0.021021312621813587 -0.01230444324814791 -0.20721240186339412 0.26267472164409444 -0.06873633603244929 -0.056587788198105844 -0.058207456057686395 -0.32443936788052274 0.2452859031923428 0.04032863685799773 0.14331412390918666 -0.2094099657781645 0.07011880970895082 0.2984067790287995 0.07722735917533581 -0.34541829947457825 0.07748547993305384 -0.05193649735586541 0.19404781597136253 0.12213152657097617 0.06903755269979997 -0.12094869526718845 0.14250805451630896 0.10062454592625741 -0.10472449603971776 -0.04655347494998786 0.27073052108890255 -0.26231968885586776 0.22002108589507605 0.12109849895953342 -0.6101842447439464 -0.06436674060050956 -0.19858295670076034 0.0072335946821735385
0.010563189735931526 -0.1349101198207903 0.24314022265588073 -0.12921440952267452 -0.0390987641816994 -0.0493785965582758 -0.13120225097352303 -0.18916649163373403 -0.24338916918888825 0.06558119698244484 -0.08820217615236718 0.1835803570151901 -0.22026251732580882 -0.02894738657198834 0.29625303845932754 -0.12821826127570043 0.05752827531437197 -0.05874700135588084 0.007140292835408473 0.062341546699537426 -0.1203566456538 -0.16376513254827565 0.14290872155354117 -0.13001842700099395 -0.0862434835603986 -0.526437564617758 0.034904754721502736 0.3472384575205908 -0.23574980632519077 -0.3856521214960986 0.08911336467052548 0.0018574003513738033 -0.38267680120893577 0.0861287137587274 0.2972114450576437 -0.1418287008577702 0.1043401645585726 0.08133767278352566 0.027820414685615445 0.17501756462391538 0.06400430770325229 0.293010234425394 -0.04485571950477394 -0.08183144966008976 0.010658044586954848 -0.017258611075790697 -0.4447374615984996 -0.06799828120710888 0.08602562564864025 0.04483778294356402 0.31731731200302915 0.06938722955780229 -0.04089269508129541 0.032272261997041606 0.14162110213973372 0.0020675807022217294 -0.3201353071982126 -0.21260022934090003 -0.355968184072447 -0.15421094055568477 -0.04098257555217247 -0.16173571717951282 0.1809925094424719 -0.18465637257769532
0.02020364305365235 -0.006387063933506175 0.04113879495289513 0.006452133787476354 0.0053393658255545375 0.026659369457383418 0.013032338341999973 0.39225760583059555 -0.025873353221239615 0.02324385265135751 0.20530939685456387 -7.062823374788796E-5 0.1292524097329759 -0.0014703979272327318 0.19638801483911555 0.0012036148594260449 -0.014916187133880989 0.003170568135930241 -0.03781816886998307 0.7266248853514141 0.014267699771253535 0.23883823723550318 -0.018434678787310727 -0.3062743364323482 0.13725990457593074 0.040323067677919905 -3.681376319008697E-4 1.497099561229598 -0.011338587702130093 -0.0022931322679225342 -0.010037839506109038 -0.2230447259129474 0.6127055400851171 -0.25631841358063656 0.020661944406444945 0.29722018995962035 0.004291928696192737 -1.4277164786262448 -0.0450615339433206 0.002955637169793017 -0.03251046576538475 0.5326327551679599 -0.5587133848431739 -1.8110727327424363E-4 -0.003780742236424699 -0.01851999599323689 0.04794650217267404 0.7563664015099371 -0.3127741938447473 0.2201704887101121 0.0022695840849151624 0.32572844432702924 0.015367670744976521 0.014961387627672471 1.8656271609637662 0.04454263609864711 -0.020806214096033265 -0.07789425631374702 -0.010630238798355993 -0.07307571945315411 0.02860922838505441 0.05297554332281311 -0.02321235371012003 -0.043613760924891914
0.049710718029087685 0.012992572306313965 -0.019034183702330697 0.05872900301926673 0.07932506685378021 -0.07737565292179364 0.04691598360839656 0.03840976058797598 -0.2910516867873221 -0.0602617223411162 -0.05266760644852335 0.06779689235197521 -0.15331322048490775 0.05296208231451381 -0.06189187529480071 0.04995124227625192 -0.2769717411571714 -0.12059877320747507 0.031774335620821305 -0.05381729746973061 0.16570500939075117 -0.14520059652270445 -0.01706272018106356 -0.04702242011715596 -0.03395402397853234 -0.14069451491165494 0.09713558942875387 0.0671929066829745 0.03101851966555983 -0.23783424026071712 -0.18055359499558768 -0.2073183196582836 -0.0912317547794256 -0.06926333169388262 -0.05117881669551775 -0.0714839491726622 -0.21350848445089127 -0.019580719507708743 0.17242319899851163 -0.3156581935132258 -0.14176380082016202 -0.1855624320093996 -0.08168963905803583 -0.22159097095318514 0.07012817916938664 0.009301008773007694 0.35489265998666614 -0.1132347124077469 -0.10007005730839602 -0.2344107053722567 -0.3107195473025602 -0.022762515140892045 -0.027226494169859797 0.031629426603277035 -0.1148942316566134 0.013425982888192958 -0.21285343590825143 -0.034585470733025876 0.15775567452018763 0.23776795602429418 -0.10826043880515643 -0.023727743010897185 -4.68383607857935E-4 0.029818863549883903
-0.01759877723692126 -0.03776363503352995 -0.05454664502276612 -0.08061054322019155 -0.06998510809890154 -0.06095558393475307 -0.11565429572244056 0.10591643566558341 -0.058231340433247014 -0.10285619261450062 -0.08696248979892814 -0.06217114636863141 -0.05672724539246427 -0.12152821500870438 -0.12088128355639932 -0.12464534771901324 -0.0665382446690538 -0.0692565491768749 -0.08825564712735143 -0.15965225147441414 0.00155695326159706 0.1999133149651388 -0.07992281801941672 -0.2150448903951368 -0.07546623624142083 -0.1738983046682467 0.015131086133335919 0.04614674277630581 -0.0726211195601909 -0.06581034743422506 -0.11786435989153993 -0.23267128530909623 0.16681929856416394 -0.1321589942089438 0.009732660850245831 -0.05138409641435851 -0.068222474683154 -0.4228347707295514 -0.02470863706581442 -0.0555970927846389 -0.10212501051099293 0.019767127993615026 -0.14174304608374028 -0.06342175718396711 -0.087256156659079 -0.01376152883227281 -0.08721262708944617 0.04892612956499972 -0.11686067944909286 -0.028569421816328038 -0.14211013387638574 -0.026986425109459672 -0.005832685756238026 -0.18911294465478232 -0.3337745443860921 -0.15694477756080719 -0.04104583059792882 -0.03496792124773626 -0.07363913403633429 -0.09916657386215667 0.002749466331906532 -0.006123128552809808 -0.06142812335106476 -0.05045097759728781
0.02126684081170565