0.00158140615424672025847441236834356459439732134342193603515625 0.406421381641407120088871351981651969254016876220703125 0.483383147814747504700250146925100125372409820556640625 0.52555397859466002064010581307229585945606231689453125 -0.47811179396725844714666209256392903625965118408203125 -0.16815618773490126347525119854253716766834259033203125 0.2609320154507088762585453878273256123065948486328125 -0.5288287485265310561288742974284105002880096435546875 -0.38864219270411337614490321357152424752712249755859375 -0.421185500305746030047515660044155083596706390380859375 -0.2284289860499217061917676119264797307550907135009765625 -0.1007590869973627178968200723829795606434345245361328125 -0.376125535934254628944728438000311143696308135986328125 0.433702157075604777247690435615368187427520751953125 0.16330164354498888368283360250643454492092132568359375 -0.1765586035375709961225965116682345978915691375732421875 -0.178968959899858670592465159643325023353099822998046875 0.24404858168162546494528442053706385195255279541015625 -0.5694466905904593811982294937479309737682342529296875 0.42723566521548750340997457897174172103404998779296875 -0.58631918512647296370943195142899639904499053955078125 0.182610469409486053660174320611986331641674041748046875 -0.2597288349768387405447356286458671092987060546875 -0.73989979039620445977476492771529592573642730712890625 -0.28883010500225481109737302176654338836669921875 0.28883010500225481109737302176654338836669921875 -0.35721808956198264350945237310952506959438323974609375 -0.2393579459590474411978533453293493948876857757568359375
0 0 0 0 00.0
0.33445740125620115890114902867935597896575927734375 -0.496815363031056111964289812021888792514801025390625 -0.401998313354540837138983988552354276180267333984375 -0.35004376558658722995431844537961296737194061279296875 -0.25652557960427080363530194517807103693485260009765625 -0.53967786493961777960493009231868200004100799560546875 -0.011040341400690135975626304798424826003611087799072265625 -0.1936955818884971425308805237364140339195728302001953125 -0.06340185713467323680436749100408633239567279815673828125 -0.0936486146668109309398886352937552146613597869873046875 -0.51012319914778370133490170701406896114349365234375 -0.391462842675551259130628523053019307553768157958984375 0.5438599671643988830993521332857199013233184814453125 -0.490346473069078303552714714896865189075469970703125 0.493697675688810233562975327004096470773220062255859375 0.1380840242348013446882504240420530550181865692138671875 -0.51009121281257663316210937409778125584125518798828125 -0.06746571047088466277497076362124062143266201019287109375 -0.273015445176570670238191951284534297883510589599609375 -0.52144058466749176883325844755745492875576019287109375 0.354983130795402501700408492979477159678936004638671875 0.490193196305476142082824253520811907947063446044921875 0.09958053135956591861432940504528232850134372711181640625 0.33343416629428845876503828549175523221492767333984375 0.0738823297183876237514965623631724156439304351806640625 0.58399163229577688571936278094653971493244171142578125 0.0134915558616186086193788895570833119563758373260498046875 -0.54030468950577381637145890636020340025424957275390625
0.2201288773634369755338724417015328072011470794677734375 0.302321816883744209913942313505685888230800628662109375 0.39629354360065105478128089089295826852321624755859375 0.5061199578312745028796371116186492145061492919921875 0.60534864084398187777935618214542046189308166503906250.03750241853022061
-0.345344690423686928593127731801359914243221282958984375 0.175725490804980177816929653999977745115756988525390625 0.2747831033823049384778869352885521948337554931640625 0.32906124726029106764002563068061135709285736083984375 0.426761906240666177847487006147275678813457489013671875 0.130946022105641601829262299361289478838443756103515625 0.6832261360641507241808767503243871033191680908203125 0.461182762739498153248263179193600080907344818115234375 0.61068339783884340032926729691098444163799285888671875 0.5759778932622097169513608605484478175640106201171875 0.09810979178394534094831413995052571408450603485107421875 0.2342621558922776403566246017362573184072971343994140625 -0.05939980591000772192078471789500326849520206451416015625 0.12080185246866738391080531300758593715727329254150390625 -0.1627104544538570951583977830523508600890636444091796875 -0.54349342670271771904566548982984386384487152099609375 0.145156629492030175843098049881518818438053131103515625 0.61910990346135663653370784231810830533504486083984375 0.399011944324603906597559443980571813881397247314453125 0.133003981441534635532519814660190604627132415771484375 -0.31124281951546939328778762501315213739871978759765625 -0.1517721226092448583155913865994079969823360443115234375 -0.50532557297867353174325444342684932053089141845703125 -0.293658704665397174426999526986037380993366241455078125 -0.5285856683977148140485269323107786476612091064453125 -0.06687277432974390867226333057260490022599697113037109375 -0.58324689263246209947055831435136497020721435546875 0.10641493654211421626687439356828690506517887115478515625
0 0 0 0 00.0
-0.1376731967154220803717379340014304034411907196044921875 -0.5555902523574938189909744323813356459140777587890625 0.35969163252527269758473948968457989394664764404296875 0.12461328872660733246835462750823353417217731475830078125 0.48158410708754362250516578569659031927585601806640625 0.52294048238545698392698568568448536098003387451171875 -0.1485564533727676828078756443574093282222747802734375 -0.04636112807971158600306438302141032181680202484130859375 -0.2197637889492821960946145054549560882151126861572265625 -0.55934399981885796204750249671633355319499969482421875 -0.373899487500011618035244964630692265927791595458984375 0.057198794384059746531701051708296290598809719085693359375 0.408820856702911239466402548714540898799896240234375 0.57138585126813368209042209855397231876850128173828125 -0.42994768733087707079931760745239444077014923095703125 -0.47493215361096885462899308549822308123111724853515625 0.40745545419083117888447986842948012053966522216796875 0.57182177329116645747575375935412012040615081787109375 -0.1531202025303123603894306370420963503420352935791015625 -0.0510400675101041201298102123473654501140117645263671875 0.26558136823054179220804371652775444090366363525390625 -0.431871221364309498813582877119188196957111358642578125 0.343325090871820559623728286169352941215038299560546875 -0.2079998725719788554844313921421417035162448883056640625 -0.54547757746788028132556291893706656992435455322265625 0.54547757746788028132556291893706656992435455322265625 0.231389416475655196325789120237459428608417510986328125 -0.0609798823202990225578190575106418691575527191162109375
0 0 0 0 00.0
0.55275776733544390584285110890050418674945831298828125 0.0021508084332118441485415250014057164662517607212066650390625 -0.26024782041863314674401408410631120204925537109375 -0.569964234801138669439524164772592484951019287109375 -0.0996541240721487697751257428535609506070613861083984375 -0.04516697709744872668569115603531827218830585479736328125 0.53841904444736499169010812693159095942974090576171875 0.60011095740113684637861979354056529700756072998046875 0.417606252299207170164407898482750169932842254638671875 0.060201204807928197781929924303767620585858821868896484375 0.25537984776415856291720274384715594351291656494140625 -0.58870441333226619651242117470246739685535430908203125 -0.2186254279866866045978213151101954281330108642578125 -0.0475272669536275227386568076326511800289154052734375 0.29913959098374698353239864445640705525875091552734375 0.269622971000530953222806829217006452381610870361328125 -0.313897900975355026442770167705020867288112640380859375 -0.206048712575142622949186943515087477862834930419921875 0.4807803293419994350443857911159284412860870361328125 0.54776035161160507858113533075083978474140167236328125 -0.40698877938395938702598186864634044468402862548828125 0.294135041362590554658851260683150030672550201416015625 -0.355630730483763368710015129181556403636932373046875 0.449614708197253853949604263107175938785076141357421875 0.2152349119241047381567710772287682630121707916259765625 -0.2152349119241047381567710772287682630121707916259765625 -0.4333705639010949628442403991357423365116119384765625 0.551720758058823701475148482131771743297576904296875
0 0 0 0 04.754997220571688E-4
0.171976514802148983118712521900306455790996551513671875 -0.337977011715420216919625318041653372347354888916015625 0.09893629616030964746276055166163132525980472564697265625 0.4920254728509358965737874314072541892528533935546875 -0.432265293962158236862336480044177733361721038818359375 -0.38180114290052380443540869237040169537067413330078125 -0.521241560307671658591743835131637752056121826171875 0.323399516445406043363419712477480061352252960205078125 0.109286733143619974040205988785601221024990081787109375 0.451272428695083827054901348674320615828037261962890625 0.68025415528171617740582632904988713562488555908203125 -0.310017467489044407091824950839509256184101104736328125 0.1241556764284662273123416298403753899037837982177734375 0.324886410773890632608384976265369914472103118896484375 0.01408278129412793809593917870870427577756345272064208984375 -0.03473752719218224649377901869229390285909175872802734375 -0.0384929355372830295234365394207998178899288177490234375 0.139888960855004185201977406904916279017925262451171875 0.314515448902190630775521640316583216190338134765625 -0.53608454126313687115867878674180246889591217041015625 0.7689198586593855022641719187959097325801849365234375 0.50421929479125771056402527392492629587650299072265625 0.456716790080795742579056195609155111014842987060546875 -0.376556313381891161196080020090448670089244842529296875 -0.0697693037934909998654120499850250780582427978515625 -0.436924079784769936463106887458707205951213836669921875 0.390411210589109269886165520802023820579051971435546875 0.217224995498883355349306611969950608909130096435546875
0.025287245257612327165031018694207887165248394012451171875 0.0276122399570191308371125415987989981658756732940673828125 0.03769574706294996635502769777303910814225673675537109375 0.07200985875063825591979593809810467064380645751953125 0.11235634030646024505983859853586181998252868652343750.005348337617447685
-0.52865402239408221252148223356925882399082183837890625 0.35589126997771547422644289326854050159454345703125 -0.60466963345728352852148645979468710720539093017578125 -0.195567435735327144197270854419912211596965789794921875 0.257762026605219130015456130422535352408885955810546875 0.31028190333979466242197986503015272319316864013671875 0.1651611913100465844905784251750446856021881103515625 -0.3552264171588748187247119858511723577976226806640625 -0.52891947003112604885899372675339691340923309326171875 -0.251493066137947030025401318198419176042079925537109375 -0.06573799570512284251577739269123412668704986572265625 0.366082232963390541424786306379246525466442108154296875 -0.51685745247055303597250031089060939848423004150390625 -0.354020215402817528538292890516459010541439056396484375 -0.478520585059478975598068473118473775684833526611328125 0.468087034146388247801695570160518400371074676513671875 0.466190024889462650836691182121285237371921539306640625 -0.414970774952471865848480092608951963484287261962890625 -0.326759844505432106576137130105053074657917022705078125 0.2148362983468225795302686265131342224776744842529296875 -0.0972217244174362615893869588035158812999725341796875 -0.004425619323842076846542425982988788746297359466552734375 -0.08939751034160996201460847032649326138198375701904296875 0.232787576434093257393698195301112718880176544189453125 0.7815643725905108141205346328206360340118408203125 0.12480246493234657678694787819040357135236263275146484375 -0.208004108220577632604175732922158204019069671630859375 -0.5177974608895230534955089751747436821460723876953125
0 0 0 0 00.0017214269879261771
-0.408150984112024606265123338744160719215869903564453125 -0.408150984112024606265123338744160719215869903564453125 0.01345552694874806338998229904291292768903076648712158203125 -0.59140244636640304509711540958960540592670440673828125 -0.499135975860701963657817259445437230169773101806640625 0.041648059603267818806759947847240255214273929595947265625 -0.256936490783236826107582828626618720591068267822265625 -0.1265380267644830858397853035057778470218181610107421875 -0.30430852290190324449525860472931526601314544677734375 0.61170333913952557036708412852021865546703338623046875 -0.1462903041130853287743462942671612836420536041259765625 0.61170333913952557036708412852021865546703338623046875 -0.2919633495590268079666884659673087298870086669921875 0.1907329281474403614993207156658172607421875 0.461753448037800051650947352754883468151092529296875 -0.343147183668046806825913108696113340556621551513671875 -0.474931921856661498626550610424601472914218902587890625 0.399915993964680804850786444148980081081390380859375 -0.0248363545047773880136698920750859542749822139739990234375 -0.484055480654334846501996025835978798568248748779296875 0.22048600427710540738956979112117551267147064208984375 0.2437094443024086787286108801708905957639217376708984375 0.51121110348394427358442726472276262938976287841796875 -0.07780697298309090237378171650561853311955928802490234375 0.320873384450928555988724610870121978223323822021484375 -0.485489790101104379260732457623817026615142822265625 -0.233420918949272693243557341702398844063282012939453125 0.529216022851932255122164860949851572513580322265625
0 0 0 0 00.0
0.236240008182867333719201496933237649500370025634765625 0.236240008182867333719201496933237649500370025634765625 -0.6122706155230386304566536637139506638050079345703125 0.06165436906064496180857048557300004176795482635498046875 0.1495576279193862878624798895543790422379970550537109375 -0.58541128642731210529603913528262637555599212646484375 0.380303682423582312122078974425676278769969940185546875 0.52986738978197667204739218504983000457286834716796875 0.3435403955729299241284024901688098907470703125 -0.02134996808645327204256858522057882510125637054443359375 0.5091643904254159469502383217331953346729278564453125 -0.02134996808645327204256858522057882510125637054443359375 0.35647977017078036343633584692724980413913726806640625 -0.4625826418731542322149152823840267956256866455078125 -0.09231708808022316692376563196376082487404346466064453125 0.283486987290596792465890985113219358026981353759765625 0.0710759881679594307524183705027098767459392547607421875 -0.191986864591614569963695657861535437405109405517578125 0.79654124670989023826450647902674973011016845703125 0.05637061130562300015345300607805256731808185577392578125 -0.481192609550897765213761658742441795766353607177734375 -0.4441223033245782492173248101607896387577056884765625 -0.157680631722989794685219067105208523571491241455078125 0.6217712246544095933131757192313671112060546875 -0.361494898054889268745881736322189681231975555419921875 0.185223100146219454842366758384741842746734619140625 0.45513929069387015768910487167886458337306976318359375 -0.138400903826729038126330806335317902266979217529296875
0 0 0 0 00.001045565929665785
0.52944099049900084086317519904696382582187652587890625 -0.0736152656422414952697153012195485644042491912841796875 0.313895492698517741825270377376000396907329559326171875 -0.2420469934316900328941102316093747504055500030517578125 0.445814048729414491578637580460053868591785430908203125 -0.263248189936655607734650175189017318189144134521484375 -0.53768590025093188078386674533248879015445709228515625 0.1978155610364477345886058401447371579706668853759765625 0.01224265687196256398305838075657447916455566883087158203125 -0.351170947116820897360156550348619930446147918701171875 0.1771963494626160595668551422932068817317485809326171875 -0.351170947116820897360156550348619930446147918701171875 -0.63468510625700658156489453176618553698062896728515625 0.5290116469411192401395283013698644936084747314453125 -0.42517921747713438573867961167707107961177825927734375 -0.11224731341396347594763227561998064629733562469482421875 0.407491762030085580281735246899188496172428131103515625 0.1884394291858659531424535771293449215590953826904296875 0.314972764307061170452328724422841332852840423583984375 -0.301367029347792858562371520747547037899494171142578125 0.6442315503213540406335368970758281648159027099609375 -0.07208123667419520652632769497358822263777256011962890625 0.1533758645022349209607881448391708545386791229248046875 -0.34306332943432760185231700233998708426952362060546875 0.54792579156098764059379391255788505077362060546875 0.423274028891326759005409030578448437154293060302734375 -0.474218662330231632839883104679756797850131988525390625 -0.3864204642759487828840292422682978212833404541015625
0.29524754518682672088658591746934689581394195556640625 0.2240969175040864735937162777190678752958774566650390625 0.37322506972985591833236185266287066042423248291015625 0.5575837103249059456544500790187157690525054931640625 0.77015797338028746388260969979455694556236267089843750.041133245463936
-0.09172314168483249041674554291603271849453449249267578125 0.65967283499731532714349668822251260280609130859375 -0.360288500538022027352980103387380950152873992919921875 0.44981028682241852578727048239670693874359130859375 -0.1959206306388021900932727703548152931034564971923828125 0.423394022017186788531262209289707243442535400390625 0.081450149816131245383843406671076081693172454833984375 -0.44580389392362729239494001376442611217498779296875 -0.62487156679671607140136302405153401196002960205078125 0.29782435870211643180738292358000762760639190673828125 -0.4657003020206371690647983996313996613025665283203125 0.29782435870211643180738292358000762760639190673828125 0.024248747368230773313602099960917257703840732574462890625 -0.126217838865406328796581192364101298153400421142578125 0.2634408379496238072903224747278727591037750244140625 0.56715709222738563966004221583716571331024169921875 -0.28060740884358426061595537248649634420871734619140625 -0.493208786838017498865838206256739795207977294921875 -0.370401779673531217351722943931235931813716888427734375 0.383606834207346925058601527780410833656787872314453125 -0.050839459955190562101545737050400930456817150115966796875 0.68865575697135028576667536981403827667236328125 -0.5727204443499107622272958906251005828380584716796875 0.3022047148998854293466820308822207152843475341796875 -0.0100477270938580838521847482525117811746895313262939453125 -0.18781520644673188602524760426604188978672027587890625 0.1151624105372965056748313372736447490751743316650390625 0.2403725481684511056101882786606438457965850830078125
0 0 0 0 00.0020229941068003686
-0.2605495653699778646483764532604254782199859619140625 -0.2605495653699778646483764532604254782199859619140625 -0.51084127383562594193477934823022224009037017822265625 0.59427184332417526402281282571493647992610931396484375 -0.00752242839650854762389986518655859981663525104522705078125 0.2195181377526585209114529106955160386860370635986328125 -0.44929413240964688469603061093948781490325927734375 0.03927589270770233398355486542641301639378070831298828125 0.2117817744042772842849586822921992279589176177978515625 -0.222563392010313221280881634811521507799625396728515625 0.0146321953224773405877190413093558163382112979888916015625 0.17173576615328667305249155106139369308948516845703125 -0.56141423105715693164796675773686729371547698974609375 -0.7477821925329208863075791668961755931377410888671875 0.10157133840423850090761703768293955363333225250244140625 0.428304315089201470545532401956734247505664825439453125 -0.1200388544777364063786961878577130846679210662841796875 -0.71241994698916932815535574263776652514934539794921875 0.14702983950823333980650886587682180106639862060546875 -0.496492066745193749710551855969242751598358154296875 0.1271417452752356125333932368448586203157901763916015625 0.12462581779068733489612696985204820521175861358642578125 0.0273568868321020959577527520423245732672512531280517578125 0.1367844341605104763193168082580086775124073028564453125 -0.272555650290202400309880204076762311160564422607421875 0.5319394661797629542121512713492847979068756103515625 -0.6271819610767110919624656162341125309467315673828125 -0.463040640084098453765903968815109692513942718505859375
0 0 0 0 00.0012692296143030717
0.400103540257254974843448280807933770120143890380859375 0.400103540257254974843448280807933770120143890380859375 0.172361867264789470066688181759673170745372772216796875 -0.09644797626730096384850554613876738585531711578369140625 0.63033419328242501489256710556219331920146942138671875 -0.437438240747823059439980397655745036900043487548828125 0.2283639180006416247170619726603035815060138702392578125 -0.499835105673376911550320755850407294929027557373046875 -0.3847651532881390945561861371970735490322113037109375 0.377573281264061699769030155948712490499019622802734375 -0.51627367029983950441618389959330670535564422607421875 -0.4114778208061407038798051871708594262599945068359375 0.1515430176502016446082876655054860748350620269775390625 0.0272263726625785983104233167750862776301801204681396484375 -0.494662331222745110803629131623893044888973236083984375 -0.2363823398919134011197940026249852962791919708251953125 0.480063896930132905094268380707944743335247039794921875 0.01179104308249449319101476163496045046485960483551025390625 -0.4587277237332381130130443125381134450435638427734375 0.182480428657652848922765542738488875329494476318359375 -0.47444911450989746271034164237789809703826904296875 -0.45619984167526383966873027020483277738094329833984375 -0.504807150000264215350398444570600986480712890625 -0.4501239281346387510751583249657414853572845458984375 0.382276226930992446551016428202274255454540252685546875 -0.252656738064324815074002117398777045309543609619140625 0.205062081996095268987545523486915044486522674560546875 0.287086914794533409889254471636377274990081787109375
0 0 0 0 00.0
0.114639546711032769277238685390329919755458831787109375 -0.781474161930933330921789092826656997203826904296875 -0.2056510952449824569665537410401157103478908538818359375 0.312414642563654199047817883183597587049007415771484375 0.438430632841430689694561806390993297100067138671875 -0.1671462093267729598355941789122880436480045318603515625 -0.12689110132137215725123269294272176921367645263671875 -0.4851935423197282215568293395335786044597625732421875 -0.249437894858515363250006657835911028087139129638671875 0.234703166892189563075277192183420993387699127197265625 -0.51887292052847289181016776637989096343517303466796875 -0.304166884447725494045045024904538877308368682861328125 -0.2283882834780499304638823332425090484321117401123046875 -0.483088581181681686604889591762912459671497344970703125 -0.350452952425589325802235407536500133574008941650390625 0.0864260668583431701517127976330812089145183563232421875 0.325759790466062681968395509102265350520610809326171875 -0.466320866235675757227596704979077912867069244384765625 -0.289669784525216134074554474864271469414234161376953125 -0.17760081870890298549880981227033771574497222900390625 0.65626826592434206464332646646653302013874053955078125 -0.24568114531585683035785905303782783448696136474609375 0.340416805463359450900640013060183264315128326416015625 0.408626480769561373218579092281288467347621917724609375 -0.493257003834663698693674405149067752063274383544921875 -0.638518349394167739063732369686476886272430419921875 -0.067578104238551872651186158691416494548320770263671875 0.034736408720750962253465132789642666466534137725830078125
0.007309461870522854058662698406578783760778605937957763671875 0.0088140822753770553532604026258923113346099853515625 0.01119307687619488893282504449189218576066195964813232421875 0.01461684112783734855456341250601326464675366878509521484375 0.1932298986715486610599157302203821018338203430175781250.0036022804539207936
-0.469215661645236259413849211341585032641887664794921875 0.06883230870719590777095930889117880724370479583740234375 0.41457016465631735258057233295403420925140380859375 -0.35046679318854712104069903944036923348903656005859375 -0.274803797357736356854474024657974950969219207763671875 0.43768941338239841787327577549149282276630401611328125 0.461859537050574087135856871100259013473987579345703125 0.306658389868454062110458835377357900142669677734375 0.428668122249508620758007282347534783184528350830078125 -0.43629373052332454108181991614401340484619140625 0.289228428099731982303666200095904059708118438720703125 0.400344434375335234133075346107943914830684661865234375 0.43956184835495992757614658330567181110382080078125 0.307747762478999209445618134850519709289073944091796875 0.356495489259909648094293288522749207913875579833984375 -0.50780197172442098629829843048355542123317718505859375 -0.37064645524579920010666000962373800575733184814453125 0.29009480271073562196448847316787578165531158447265625 0.391328636302099297505918684692005626857280731201171875 0.455552251161136456669709104971843771636486053466796875 -0.181241218203892995308734725767862983047962188720703125 0.392330740946384814993308509656344540417194366455078125 -0.299654187966923835073629334146971814334392547607421875 -0.232927069821711907326999835277092643082141876220703125 0.1501360158267267819187651411994011141359806060791015625 0.00803196792488661791276083334878421737812459468841552734375 0.56656266054777137952669363585300743579864501953125 -0.5986905322473179413833577200421132147312164306640625
0 0 0 0 00.0
-0.424831847928032468875159111121320165693759918212890625 -0.424831847928032468875159111121320165693759918212890625 -0.481202780704972798986318593961186707019805908203125 0.3469374680908057229089536122046411037445068359375 0.289541609263375521177152904783724807202816009521484375 -0.393059140362847891925213161812280304729938507080078125 0.22087156388055728672981103954953141510486602783203125 -0.2499576293903686685649034870948526076972484588623046875 0.3746216359880840673923785288934595882892608642578125 0.01951810204307664886602680098803830333054065704345703125 0.3746216359880840673923785288934595882892608642578125 0.01951810204307664886602680098803830333054065704345703125 -0.499285642585799382953126723805326037108898162841796875 0.6378012054721498014231428896891884505748748779296875 -0.03471795518682764536411156086614937521517276763916015625 0.47258930835947021709131377065205015242099761962890625 -0.6185464260836843752855429556802846491336822509765625 0.24160862691241280497678189931320957839488983154296875 -0.352139259752108968459793914007605053484439849853515625 -0.26853275542464649650042929351911880075931549072265625 -0.3719780912874390832456583666498772799968719482421875 0.46600299192943517301301881161634810268878936767578125 -0.2054316854474263764895880512995063327252864837646484375 -0.402568029677260741383548747762688435614109039306640625 -0.22495013537117236612772330772713758051395416259765625 -0.39964026218869885820339504789444617927074432373046875 0.416230944623882936905800988824921660125255584716796875 -0.441604929524752665148668029360123910009860992431640625
0.1262250649775524535822768257276038639247417449951171875 0.1630660691939611606215976280509494245052337646484375 0.226880219455399101402548467376618646085262298583984375 0.29255047628578279006461571043473668396472930908203125 0.319860120560913618881215825240360572934150695800781250.021296705323269594
0.213774798722086212254822612521820701658725738525390625 0.213774798722086212254822612521820701658725738525390625 0.0931838866224478368227579494487144984304904937744140625 -0.3804095136234046936607455791090615093708038330078125 -0.50319298776121834659846854265197180211544036865234375 0.28174422190551873246278091755812056362628936767578125 -0.65009464431895958025364734567119739949703216552734375 0.37559114194270482034454516906407661736011505126953125 -0.256983412908166453103575577188166789710521697998046875 -0.5948357319762453965239501485484652221202850341796875 -0.256983412908166453103575577188166789710521697998046875 -0.5948357319762453965239501485484652221202850341796875 0.1383756838736280858626059853122569620609283447265625 -0.006589318279696575186843432447858504019677639007568359375 0.61539995502699695872905749638448469340801239013671875 -0.22533106045603890077444475537049584090709686279296875 0.09530809559905285832659416200840496458113193511962890625 -0.431095558239424525570626656190142966806888580322265625 0.332631565435105025496653752270503900945186614990234375 0.407110739479397965023821370778023265302181243896484375 0.314958541085611776200181566309765912592411041259765625 -0.0766493042536919022555963465492823161184787750244140625 0.66984826760835092240853327894001267850399017333984375 0.2210610369055751867062298288146848790347576141357421875 0.625413888330848433128039687289856374263763427734375 0.2277261937972005767516492369395564310252666473388671875 -0.1899569714113234220054238221564446575939655303955078125 0.1321922783505700971229401829987182281911373138427734375
0 0 0 0 01.1816202355150243E-4
0.393181907066563918196067106691771186888217926025390625 -0.1762923119379077030455249541773810051381587982177734375 -0.23746630030752868822929713132907636463642120361328125 0.0917609825544314638978704579130862839519977569580078125 -0.5399994791536542049215086080948822200298309326171875 0.427661791420350267944883171367109753191471099853515625 0.5244279184777507207826374724390916526317596435546875 0.07163932766646242955577150723911472596228122711181640625 -0.58619658551427089587804175607743673026561737060546875 -0.2996392748484211221438044958631508052349090576171875 -0.58619658551427089587804175607743673026561737060546875 -0.2996392748484211221438044958631508052349090576171875 -0.1750491397763125622777380385741707868874073028564453125 0.312098288355631969803738456903374753892421722412109375 0.31216539135123133608118450865731574594974517822265625 0.10450461265537981658813038166044862009584903717041015625 0.4470100528420439811583264599903486669063568115234375 0.57511248125831604394164742188877426087856292724609375 0.010113349611810949768564427131423144601285457611083984375 -0.6007329669415704120893906292621977627277374267578125 -0.008764902996902822207569982992936274968087673187255859375 -0.32074105461546420503538001867127604782581329345703125 -0.51506265741175238925819712676457129418849945068359375 -0.1727916524864721303789139028594945557415485382080078125 -0.53714465772951236477439351801876910030841827392578125 0.395819855695848266119440950205898843705654144287109375 0.18824905270890412989359674611478112637996673583984375 0.34834355501266422994177673899685032665729522705078125
0.09245025876274416687383705948377610184252262115478515625 0.244488603000166448975249977593193762004375457763671875 0.3227239038995952657984389588818885385990142822265625 0.426379147258856949775918110390193760395050048828125 0.540998670643824675074995411705458536744117736816406250.03231613663399916
-0.238337578435029284751323075397522188723087310791015625 0.5315604667304911767899966434924863278865814208984375 0.448856575159976289857155506979324854910373687744140625 -0.6458422078097481033864823984913527965545654296875 0.0398482386657935394591589783885865472257137298583984375 -0.191722657731648149503911326974048279225826263427734375 -0.06090013833828823719418465998387546278536319732666015625 -0.60528282845169811832164441511849872767925262451171875 0.055267849022542288317527692242947523482143878936767578125 0.3615715905932586071713785713654942810535430908203125 0.055267849022542288317527692242947523482143878936767578125 0.3615715905932586071713785713654942810535430908203125 0.494747130406613500053225607189233414828777313232421875 -0.348254036611923112332078744657337665557861328125 -0.3094146548672329632978517111041583120822906494140625 -0.479289367343360861450918264381471090018749237060546875 -0.1991064000126044619687348813386051915585994720458984375 -0.09431355790070737599162242759120999835431575775146484375 -0.5565051457416008151568576067802496254444122314453125 0.07335498947832795602064237527883960865437984466552734375 0.5576082282901471121050462897983379662036895751953125 0.370735441969767709480265693855471909046173095703125 0.0761555874023676360184964551081066019833087921142578125 0.595017831242674599678821323323063552379608154296875 0.042680603928799444590769240903682657517492771148681640625 -0.256920498159635857238214384778984822332859039306640625 -0.57158534281117689967999240252538584172725677490234375 -0.328891712627807475399777104030363261699676513671875
0 0 0 0 00.0
-0.0420808659275582197523135619121603667736053466796875 -0.0420808659275582197523135619121603667736053466796875 0.235238939037661520803368375709396786987781524658203125 -0.415979707447829583077947290803422220051288604736328125 0.2131637306822211364032426672565634362399578094482421875 -0.70571681711298450689895389587036333978176116943359375 0.473927129380860623353299843074637465178966522216796875 0.243072350778517909386522433123900555074214935302734375 -0.4487993538633012757799178871209733188152313232421875 -0.482868793864602963150645109635661356151103973388671875 -0.4487993538633012757799178871209733188152313232421875 0.52349004925077036176617184537462890148162841796875 -0.0163795384621642815814457350143129588104784488677978515625 -0.1749334707759145068894923724656109698116779327392578125 -0.5873074702401435143173102915170602500438690185546875 -0.440660317328283979154690541690797545015811920166015625 -0.07548015223404537510365486241425969637930393218994140625 -0.30695261908511783932596017621108330786228179931640625 0.194810678623107580431650376340257935225963592529296875 -0.08841960690273886758205890146200545132160186767578125 -0.56142856090275661262722906030830927193164825439453125 0.39888535013449832877796552565996535122394561767578125 -0.38633101865673158403780007574823684990406036376953125 0.5518199335909297342794843643787316977977752685546875 0.1751899892579270312520378638510010205209255218505859375 0.5552438421757752706753308302722871303558349609375 0.0485053716186442940294654135868768207728862762451171875 0.21399428655284247202672531784628517925739288330078125
0 0 0 0 00.0
0.54490652569774977731498211142024956643581390380859375 0.54490652569774977731498211142024956643581390380859375 -0.386470568070158948525971709386794827878475189208984375 0.2382197791471990233613809095913893543183803558349609375 -0.404577534656169357507593531408929266035556793212890625 0.000565842705812824304893726701237710585701279342174530029296875 -0.1906889918589217691735626658555702306330204010009765625 -0.425040230168109267605558443392510525882244110107421875 0.22065641351759424093614825324038974940776824951171875 0.1868094120340694497262035156381898559629917144775390625 0.22065641351759424093614825324038974940776824951171875 -0.14645337180371298391179379905224777758121490478515625 0.650252970808485653009256566292606294155120849609375 0.49273423313515885002544791859691031277179718017578125 0.12260333426826496017181256092953844927251338958740234375 0.2434298086195985366675387240320560522377490997314453125 0.5443114212199782198098318986012600362300872802734375 0.35359512346934385274010992361581884324550628662109375 -0.445991839149775415318543991816113702952861785888671875 0.5336502617183900287756159741547890007495880126953125 0.1439256532714414671403346801525913178920745849609375 -0.227051047399658922909537750456365756690502166748046875 0.2424206567620973695742492282079183496534824371337890625 -0.039821260620863253854029295553118572570383548736572265625 -0.50090954149401678563435780233703553676605224609375 -0.035629548976561863093959203752092435024678707122802734375 -0.65600287233316834090146585367619991302490234375 -0.453403476191934273753503248371998779475688934326171875
0.320565297914412961066688012579106725752353668212890625 0.53417594506852028590770942173548974096775054931640625 0.6570803222835157608727740807808004319667816162109375 0.8101778237887942157868792492081411182880401611328125 0.90271817479683336138407412363449111580848693847656250.06078022570319336
0.356254908072649978389989655624958686530590057373046875 -0.4526254153561606319300381073844619095325469970703125 0.67380362879372601714322854604688473045825958251953125 -0.071882919367208752969844454128178767859935760498046875 -0.1603542047422349126062357527189305983483791351318359375 0.40523008390525372401924641962978057563304901123046875 0.138236383398478379636031831978471018373966217041015625 -0.0748871208680472744134704043972305953502655029296875 0.45197829687027113454433902006712742149829864501953125 0.424360351585601203172615214498364366590976715087890625 0.45197829687027113454433902006712742149829864501953125 -0.3914312629769562956738582215621136128902435302734375 -0.285208396497456606599740780438878573477268218994140625 -0.413738064937651250918548839763388969004154205322265625 0.49519139453888560975514110396034084260463714599609375 -0.06956096084621342379161745839155628345906734466552734375 0.280310010538701581683795893695787526667118072509765625 -0.64671031915440002624251292218104936182498931884765625 -0.16598209469244984415325916415895335376262664794921875 -0.4373387142311437880692892576917074620723724365234375 -0.185266321461697136552260190001106821000576019287109375 -0.5521743698378440701191038897377438843250274658203125 -0.10885157828344595165592778585050837136805057525634765625 0.30016647344829039401048476065625436604022979736328125 0.54029965220692266480995158417499624192714691162109375 -0.37141477923381860382079366900143213570117950439453125 0.39384480142555899906398053644807077944278717041015625 -0.0903797953020127053935794947392423637211322784423828125
0 0 0 0 00.0
-0.32610432174504488944677405015681870281696319580078125 0.25667198797035817303680005352362059056758880615234375 -0.0973190907825526585472886154093430377542972564697265625 0.530986618129366316765072042471729218959808349609375 0.467245459254244044355885989716625772416591644287109375 -0.290819037367745114597283873081323690712451934814453125 -0.483180748973024598580394695090944878756999969482421875 0.7836175574547603606134771325741894543170928955078125 -0.153528694722167069475204925765865482389926910400390625 -0.1996760480490612221782242841072729788720607757568359375 -0.153528694722167069475204925765865482389926910400390625 0.25469789240035811683782185355084948241710662841796875 0.43218771288841251188017622553161345422267913818359375 0.217425030097866678335805090682697482407093048095703125 -0.1867513124503386301444862738208030350506305694580078125 0.5651523324316805041434008671785704791545867919921875 -0.37778872059625878687683098178240470588207244873046875 0.05204544773206158658762632285288418643176555633544921875 0.47943041852004963931932479681563563644886016845703125 0.238184460797317143487816792912781238555908203125 0.462286035737723477456739828994614072144031524658203125 0.1227647681385584110813624647562392055988311767578125 0.56393013813380576948475209064781665802001953125 -0.373546273106094839366875248742871917784214019775390625 -0.1345816976920025387354229451375431381165981292724609375 0.3026446957854300734425123664550483226776123046875 -0.280323828851146761298451792754349298775196075439453125 0.58231202855027441867008519693627022206783294677734375
0.021911096266516126573886680262148729525506496429443359375 0.0241894905774424524846910600217597675509750843048095703125 0.029995247446276761260630649985614581964910030364990234375 0.05393655460784062272150407579829334281384944915771484375 0.12607534961227137570993761528370669111609458923339843750.004826820884947079
-0.47523436004717323211110624470165930688381195068359375 -0.301682297034225499476889353900332935154438018798828125 0.66505692896758483723118615671410225331783294677734375 0.1986357596202878161850691185463801957666873931884765625 -0.2243973939737722578247058891065535135567188262939453125 -0.0860980937603295359838995182144572027027606964111328125 0.378967200094678824395799665580852888524532318115234375 0.30839583812609328017373400143696926534175872802734375 -0.344241446565599129581158877044799737632274627685546875 0.4146966079811795768961246722028590738773345947265625 -0.0278112479272028013943529600737747387029230594635009765625 0.09826640934278323136208399546376313082873821258544921875 0.5383021543243031725722858027438633143901824951171875 -0.560551152666065366503289624233730137348175048828125 0.1942813287906725860931800298203597776591777801513671875 -0.429738700399666828655398376213270239531993865966796875 0.310270181800029354324266250841901637613773345947265625 -0.0249376033970117039206826348163303919136524200439453125 0.2313977617536667474862355220466270111501216888427734375 -0.59096320608267272067593012252473272383213043212890625 -0.5271693369275265439455324667505919933319091796875 -0.29074809850606120331661941236234270036220550537109375 -0.0237476371848217744642273174804358859546482563018798828125 0.5384937188666343299559002844034694135189056396484375 -0.378036710861081759471602481426089070737361907958984375 -0.60781114632503296935084335927967913448810577392578125 -0.02759860537695503490684956204859190620481967926025390625 -0.33439240468357145363853533126530237495899200439453125
0 0 0 0 00.0
0.2052350490717680664420896619049017317593097686767578125 0.36789812202029015253401666996069252490997314453125 -0.027322313034322066871428802414811798371374607086181640625 -0.464479321583475102119820121515658684074878692626953125 0.44033402169267887860115706644137389957904815673828125 0.569956157948532382562234488432295620441436767578125 -0.29546222234790142646687627348001115024089813232421875 -0.341594884760263062251084420495317317545413970947265625 0.30385678320579589950511945062316954135894775390625 -0.2296818939435673334603649209384457208216190338134765625 0.6369931279624714282050490510300733149051666259765625 -0.5628182387002429454270213682320900261402130126953125 -0.0995505092729909446536140649186563678085803985595703125 0.07612686003228719133772983695962466299533843994140625 -0.46878699847627824937035256880335509777069091796875 0.192549667008398761591791981118149124085903167724609375 -0.33270949529013071899186115842894650995731353759765625 0.66746015312805362373893558469717390835285186767578125 -0.425242197456711046310573465234483592212200164794921875 0.0034019375796536881727261114605198599747382104396820068359375 0.0782445643320348327431901225281762890517711639404296875 0.344641980440462625256969886322622187435626983642578125 0.59572965795925847398706309832050465047359466552734375 -0.11166158735811836100193517040679580532014369964599609375 0.262555624328548564694330025304225273430347442626953125 0.04647536338689250978717382167815230786800384521484375 0.59210820107196815431649383754120208323001861572265625 0.303598802384505594975649955813423730432987213134765625
0.0251092677732748896513026437560256454162299633026123046875 0.0302410125135094028092641593730149907059967517852783203125 0.03988513554395860249979222089677932672202587127685546875 0.0684022996061185162286477634552284143865108489990234375 0.124337413402196908518426710088533582165837287902832031250.005546434581225624
0.511562358233997205303467126213945448398590087890625 -0.58630560099393458362015962848090566694736480712890625 0.28733262995418529239799454444437287747859954833984375 0.493182872309422482004492849227972328662872314453125 0.1108895650782676656209702059641131199896335601806640625 0.2358700693653759949963699682484730146825313568115234375 0.02879452794850044516916653947191662155091762542724609375 -0.00850848205546116120867594645460485480725765228271484375 0.64075414863819057931237921366118825972080230712890625 -0.566141305997992727583323357976041734218597412109375 0.305650855376950969510829736464074812829494476318359375 -0.2310380127367530900261982651500147767364978790283203125 0.234965004454658232813102358704782091081142425537109375 -0.258526954762089145045678151291212998330593109130859375 -0.1311570691156621892847766730483272112905979156494140625 -0.169689089420828498333548850496299564838409423828125 -0.74174139087445112306085093223373405635356903076171875 -0.41125521671860176819990329022402875125408172607421875 -0.08373304412468829394100566787528805434703826904296875 -0.375687197975371367508756748065934516489505767822265625 -0.294177155022134984019288594936369918286800384521484375 0.040685678716568189627889040593800018541514873504638671875 -0.378583688396541273579742892252397723495960235595703125 0.225495202378267756149199385617976076900959014892578125 -0.053098258663995777373312279223682708106935024261474609375 0.40616719939082479573499995240126736462116241455078125 -0.382721215045683849087509997843881137669086456298828125 0.69993159147994432611739057392696850001811981201171875
0 0 0 0 00.0
-0.12026524571504725036330540888229734264314174652099609375 0.042633711443958548226174087858453276567161083221435546875 -0.353159848528313335958017660232144407927989959716796875 -0.1393549672571182396207944975685677491128444671630859375 -0.53642117533219479952322217286564409732818603515625 -0.40661106884611208922564173917635343968868255615234375 -0.621688598220111909853358156397007405757904052734375 0.62131231361246308519952208371250890195369720458984375 -0.027654850754263937684385155080235563218593597412109375 0.097713805998399239083340717115788720548152923583984375 -0.34230559711388919286179088885546661913394927978515625 0.41236455235802449426074645089101977646350860595703125 -0.408677238924122609997624522293335758149623870849609375 0.386553358320711470952346644480712711811065673828125 0.484176865552408075554779998128651641309261322021484375 0.45445172150432633362271417354349978268146514892578125 0.0131476598674207627304166834392162854783236980438232421875 0.26809793381827551339569026822573505342006683349609375 0.52076165822697018104037169905495829880237579345703125 0.295536528324197134143247467363835312426090240478515625 0.358416640733600744272990823446889407932758331298828125 -0.561965223972265892626865024794824421405792236328125 0.27661500661847282511729417819879017770290374755859375 -0.405896125501211735286943849132512696087360382080078125 0.5514829710898816461650540077243931591510772705078125 -0.253321111324285641597242602074402384459972381591796875 0.273120922324344761467074249594588764011859893798828125 -0.005241126441192117159373342616390800685621798038482666015625
0.01927305762296484259454842913328320719301700592041015625 0.0235603215722208943205817632815524120815098285675048828125 0.030961425484139500075020379199486342258751392364501953125 0.05971954434328628769090840933131403289735317230224609375 0.103762414202794306383736966381547972559928894042968750.004653170602261723
-0.35318361307557466499673637372325174510478973388671875 -0.5563633994741075117218542800401337444782257080078125 -0.2373076411451614242675844934638007543981075286865234375 -0.37699374429415277720778476577834226191043853759765625 -0.4658849008435108629555543302558362483978271484375 -0.30397600855717998857841166682192124426364898681640625 0.2404823253076384947934940328195807524025440216064453125 -0.2089048981235356594599039681270369328558444976806640625 0.56148045109039512734483423628262244164943695068359375 -0.0753300190259589552699281966852140612900257110595703125 0.1638622063348179336284005103152594529092311859130859375 0.71990647048519529338506117710494436323642730712890625 0.0799896078316883751835320026657427661120891571044921875 0.28967110408951224354012765616062097251415252685546875 0.427884580174230200189100514762685634195804595947265625 0.39023652912675144133203275487176142632961273193359375 0.201996273889357425002089030385832302272319793701171875 0.154212209098326613609941659888136200606822967529296875 -0.267156362240763056714598633334389887750148773193359375 -0.55241274902358317167028189942357130348682403564453125 -0.47277264103853189336490459027118049561977386474609375 -0.10522160708896673153578404935615253634750843048095703125 -0.42996646551582851092376813539885915815830230712890625 -0.50901620079078824243623557777027599513530731201171875 0.36907680456079194897256456897594034671783447265625 0.45133125883338520711873798063606955111026763916015625 -0.43317118451346203755747410468757152557373046875 0.1319275987359126156572841637171222828328609466552734375
0 0 0 0 00.0
0.374658255309245402653317569274804554879665374755859375 0.2090062460533441690557765468838624656200408935546875 0.469131666838001615271736000067903660237789154052734375 0.355245910474569492887297883498831652104854583740234375 0.28277315642511269278003283034195192158222198486328125 0.414777101300909001313499402385787107050418853759765625 -0.4665433541933781125266023082076571881771087646484375 0.40575128134629834253388480647117830812931060791015625 -0.161763093622828868500818089160020463168621063232421875 0.49818733484505772768358156099566258490085601806640625 -0.436921578456345105490044034013408236205577850341796875 -0.052129634821974753233764232618341338820755481719970703125 -0.494962821350914905504936314173392020165920257568359375 -0.3498597141144903499565543825156055390834808349609375 -0.287376559544062271100983707583509385585784912109375 -0.321888294177529343809140982557437382638454437255859375 -0.494446967344864651838776126169250346720218658447265625 -0.53825032284118823344698512300965376198291778564453125 0.434715118940787015322513298087869770824909210205078125 0.1732223603718250626304353545492631383240222930908203125 0.2462279528656976801403999388639931567013263702392578125 0.6688174408027929285225354760768823325634002685546875 0.1771112690880431161932762051947065629065036773681640625 0.057419635183794802413270730312433443032205104827880859375 -0.269306176284558718148076650322764180600643157958984375 -0.144762178843651667659031545554171316325664520263671875 0.172258905551384400300918287030071951448917388916015625 -0.62838107799730369418256259450572542846202850341796875
0 0 0 0 00.0017632501128417237
0.037144534959141432828300111168573494069278240203857421875 -0.10478085234742882947411857230690657161176204681396484375 -0.44961519181886122620284140793955884873867034912109375 -0.54718889559212835482782111284905113279819488525390625 0.5261218459138092828908384035457856953144073486328125 0.07151708969745142197016463114778161980211734771728515625 0.45183277599552640335645037339418195188045501708984375 0.1532223679466616361732889117774902842938899993896484375 -0.51263286066105318017349645742797292768955230712890625 0.2616760604850394411613478951039724051952362060546875 -0.1897939619421611379124215090996585786342620849609375 -0.38400173695274464336080200155265629291534423828125 0.387785005297106633026515964957070536911487579345703125 0.5580320807933973892289714058279059827327728271484375 -0.75251662587205980781135394863667897880077362060546875 0.0215004750249159944097687713338018511421978473663330078125 -0.18554113632612689865908350839163176715373992919921875 0.5773275701134850113049878927995450794696807861328125 0.1138728862430735955246774437910062260925769805908203125 -0.1998747863427375592859647213117568753659725189208984375 -0.112280258463450188788357309022103436291217803955078125 0.30759856041222188860473352178814820945262908935546875 -0.286115486351685766042152181398705579340457916259765625 -0.430637984577110610739936191748711280524730682373046875 0.17479410258345307038752025619032792747020721435546875 -0.67476382617411212461178138255490921437740325927734375 -0.29197450655001377928243755377479828894138336181640625 -0.25877339209282157472813423737534321844577789306640625
0 0 0 0 00.0
-0.6040358374111090000724288984201848506927490234375 0.52703231372860603887176011994597502052783966064453125 0.1344405782325665821286264645095798186957836151123046875 0.0233535276742017072759693974148831330239772796630859375 -0.04733823177203048959693632014023023657500743865966796875 -0.56490289914623048606046040731598623096942901611328125 -0.1319158725380582819486363632677239365875720977783203125 -0.56556810668419654763994230961543507874011993408203125 0.15279752946269586910688076386577449738979339599609375 -0.44101277461034016358354392650653608143329620361328125 0.52356689005464029929015623565646819770336151123046875 0.300525946573548752294158248332678340375423431396484375 -0.296180993129111891359883657059981487691402435302734375 -0.1006580881294536766734637467379798181354999542236328125 0.0401646463298139522191121386640588752925395965576171875 -0.50688800494714569833121231567929498851299285888671875 0.402154876542820727269855751728755421936511993408203125 -0.152015560159675600093720504446537233889102935791015625 -0.447912068564127796577167828218080103397369384765625 0.39300343813855931340839333643089048564434051513671875 0.448928895053490151223485327136586420238018035888671875 -0.39008183531865814330785724450834095478057861328125 0.402185926118390824068882238861988298594951629638671875 0.320758406192916345478494122289703227579593658447265625 -0.464907123898823881891217979500652290880680084228515625 0.1832119198323175768283732622876414097845554351806640625 0.39888481044573642630979293244308792054653167724609375 0.417591132590777902588996539634536020457744598388671875
0 0 0 0 00.0
-0.472123711284052227643570631698821671307086944580078125 -0.374126140941848983612061374515178613364696502685546875 0.288378266892421131206702966665034182369709014892578125 0.459874014991276836017419782365323044359683990478515625 0.174047768159850624325457602026290260255336761474609375 -0.3098152354047780665524669529986567795276641845703125 0.46497805511326661953575012375949881970882415771484375 -0.4227654360645345388292071220348589122295379638671875 -0.301324736297343298563333746642456389963626861572265625 0.242122395160837555749822058714926242828369140625 0.330166902492051217432589282907429151237010955810546875 -0.58367436325606292246703787895967252552509307861328125 0.39392326986982661995995158576988615095615386962890625 0.2588204913788263450413751343148760497570037841796875 0.389607991182779944683289841123041696846485137939453125 0.29622658184469685682671524773468263447284698486328125 0.493365112669538918854783560163923539221286773681640625 -0.271324872687874696364218607413931749761104583740234375 0.422810270058542825299952028217376209795475006103515625 0.384420135108442029281405893925693817436695098876953125 0.341879715298870845430201370618306100368499755859375 0.205048974512453907603770630885264836251735687255859375 0.299596052097447052009471235578530468046665191650390625 -0.279504798110635999108808391611091792583465576171875 0.465053437871185082475022909420658834278583526611328125 -0.5406910999391796313062741319299675524234771728515625 0.52296352289199343754688698027166537940502166748046875 0.08922880447083729460455714388444903306663036346435546875
0.007017065149364826344424717063930074800737202167510986328125 0.0079748428605558481507831203316527535207569599151611328125 0.00957932937945039746086006715586336213164031505584716796875 0.0113438864067820811831754923559856251813471317291259765625 0.0482354560291768375002163793396903201937675476074218750.001554541298000187
0.1003415542181037289903855480588390491902828216552734375 0.294943356338062512289610594962141476571559906005859375 -0.465219933193026402573622135605546645820140838623046875 -0.12466677948309858037223563087536604143679141998291015625 -0.692255368999644904448587112710811197757720947265625 0.42265078897928543000261925044469535350799560546875 -0.114531268956017395765911714988760650157928466796875 0.311908955283367761435187048846273683011531829833984375 0.418772837179168300192344531751587055623531341552734375 -0.47086897960337104063199831216479651629924774169921875 -0.393392665228915638930828890806878916919231414794921875 0.17031431177143208088864412275142967700958251953125 -0.33728912723362036718555145853315480053424835205078125 -0.456175195842698444348428665762185119092464447021484375 -0.306555281489747033507597961943247355520725250244140625 -0.50867964291155820522050134968594647943973541259765625 -0.08197265768773455418827467156006605364382266998291015625 0.56257947262404128796475788476527668535709381103515625 -0.2346888418731030434560835828960989601910114288330078125 -0.317784412679847638738550585912889800965785980224609375 -0.409863288438672757063585549985873512923717498779296875 -0.493921299678251213283175502510857768356800079345703125 -0.377189530182652721368441461891052313148975372314453125 0.401995031200467423104782938025891780853271484375 -0.17290893356535530500650565954856574535369873046875 0.0795235179688764948213730576753732748329639434814453125 -0.1014107247493012120553856902915867976844310760498046875 -0.63691771731035939918541544102481566369533538818359375
0 0 0 0 00.0
0.478899102543510923890579533690470270812511444091796875 -0.1732188243242486491713094665101380087435245513916015625 0.041541166014412565787861097987843095324933528900146484375 0.304896482634084697860288315496291033923625946044921875 -0.1340290450653688625326509509250172413885593414306640625 0.7281460986299863602511095450608991086483001708984375 0.31273443848586068849471075736801140010356903076171875 0.64125538560784012265258979823556728661060333251953125 0.075326219964148732888276072117150761187076568603515625 -0.1264170474180930925367505324174999259412288665771484375 -0.050435816845560456356256651133662671782076358795166015625 0.50239313663045293001374602681607939302921295166015625 0.00458507425868731437190728428276997874490916728973388671875 0.55872404895146843273323611356317996978759765625 -0.6293218565363540850654544556164182722568511962890625 0.04729934972693616845873521015164442360401153564453125 -0.468985077800977256945458293557749129831790924072265625 -0.00881852283044572658743387449931105948053300380706787109375 -0.5780140873410335444759766687639057636260986328125 0.1835856116520064862385197557159699499607086181640625 0.11784753237050198115820620614613289944827556610107421875 -0.09920109994993490942771785512377391569316387176513671875 0.6126419445392949914008795531117357313632965087890625 -0.59220050576173266509982795469113625586032867431640625 0.1653351665832248629239842330207466147840023040771484375 0.37335686708430049218776503039407543838024139404296875 0.2242546077656104308584161799444700591266155242919921875 -0.2170399823147060869299451724145910702645778656005859375
0 0 0 0 00.0
-0.2277391652240845776322686333514866419136524200439453125 0.442795519794043357375556979604880325496196746826171875 -0.5354351802241794633374638578970916569232940673828125 -0.35015585936390725141365010131266899406909942626953125 0.470366847303012425296486753723002038896083831787109375 -0.052385522267041247090890720983225037343800067901611328125 -0.34464159386211346003392463899217545986175537109375 -0.0238994977703137871649641255089591140858829021453857421875 -0.4827698549603385291817403413006104528903961181640625 0.44134405882512794949690260182251222431659698486328125 0.50295165307749234440137797719216905534267425537109375 -0.1364926872660142953552764311098144389688968658447265625 -0.540128649609091571193175695952959358692169189453125 -0.090818091527192390532974286543321795761585235595703125 0.1242468423457712412005804480941151268780231475830078125 -0.50166612076849059764782623460632748901844024658203125 0.2282190953547848233373684934122138656675815582275390625 0.5266194614906538618015474639832973480224609375 0.157517963308655584153683548720437102019786834716796875 -0.41328970571082901397375053420546464622020721435546875 -0.45591832944452459486228690366260707378387451171875 0.5632082200098917912356455417466349899768829345703125 -0.0032782783469725951079609682636828438262455165386199951171875 0.025570571106386240367580597876440151594579219818115234375 -0.491086096376494751769570257238228805363178253173828125 -0.2642292347659911389001763382111676037311553955078125 -0.426831840775831861112266096824896521866321563720703125 0.43469970880856612094333968343562446534633636474609375
0 0 0 0 00.0
-0.10563604096961527745168751835080911405384540557861328125 -0.320945169060550872242032482972717843949794769287109375 -0.1365867281326872684221740428256453014910221099853515625 -0.5995013535281987770986233954317867755889892578125 0.401686092094651725492582272636354900896549224853515625 -0.5806618048202418780334710390889085829257965087890625 0.0962162666156368417968991479938267730176448822021484375 0.44449858095198890861610152569483034312725067138671875 0.2280898665742570885495155152966617606580257415771484375 -0.59082038215056886798492996604181826114654541015625 -0.2047275621812064960725052742418483830988407135009765625 -0.000614797484027647107678038462807990072178654372692108154296875 0.16169173829927119268035085042356513440608978271484375 -0.5772948375019606448432796241831965744495391845703125 0.2432790219849964297171851512757712043821811676025390625 -0.348454195125984800274210329007473774254322052001953125 0.08993951721869565540945501425085240043699741363525390625 0.37204488816695413522239732628804631531238555908203125 -0.480168897938063665709051974772592075169086456298828125 0.489998353371800920985634775206563062965869903564453125 0.449697586093478263169487263439805246889591217041015625 0.053894227403470267023788409233020502142608165740966796875 0.451882368229096831324653749106801114976406097412109375 0.174712055868392612811845765463658608496189117431640625 -0.59520547846689686455334822312579490244388580322265625 0.519398213547729969974398045451380312442779541015625 0.0692925780901760546282019959107856266200542449951171875 -0.36541470668067199678574752397253178060054779052734375
0 0 0 0 00.0
0.52501706886392429662890890540438704192638397216796875 0.331239142639638550758007795593584887683391571044921875 0.49716149196918324459915083934902213513851165771484375 0.08053895058696879105664123699170886538922786712646484375 -0.258572420305531347484162552063935436308383941650390625 0.09749451913159379312645569370943121612071990966796875 -0.53349485313623679072492222985601983964443206787109375 -0.185557462277070595035866062971763312816619873046875 -0.40255489324560500552507846805383451282978057861328125 0.038837608383572919112936006058589555323123931884765625 0.425980752270617213373071763271582312881946563720703125 0.63064878375230304374809975342941470444202423095703125 -0.469133650474587160505990368619677610695362091064453125 0.052399947819106319768511781376219005323946475982666015625 -0.4885483833577541901149743353016674518585205078125 0.29091255341718824656283004514989443123340606689453125 -0.7766903410281120745395355697837658226490020751953125 -0.246583021467902396839377843207330442965030670166015625 0.0434060000336757012551203160910517908632755279541015625 -0.0249353617214732765916540557782354881055653095245361328125 -0.10066497880150322707937249333554063923656940460205078125 -0.5924174926366496674035033720429055392742156982421875 -0.16572450758645829171911145749618299305438995361328125 -0.462885693603555858910425513386144302785396575927734375 0.01206423618445481675542918509336232091300189495086669921875 -0.093339090479729380778195491075166501104831695556640625 -0.5759085378579220648731507026241160929203033447265625 0.2584286382670057946597808040678501129150390625
0 0 0 0 01.3083779746014793E-4
0.1891434579929780757101553945176419802010059356689453125 -0.52693769001424028974867042052210308611392974853515625 -0.380950908352054418148924241904751397669315338134765625 -0.2019306213502498337231116920520435087382793426513671875 -0.500297766353257511440233429311774671077728271484375 0.35857337247682885550403852903400547802448272705078125 0.34898299995887505087210911369766108691692352294921875 -0.56268823873915285727065338505781255662441253662109375 -0.0975879971245025290560448638643720187246799468994140625 0.39796523650063087007566764441435225307941436767578125 0.12388830840628335672182203097690944559872150421142578125 0.353669975394473701246766950134770013391971588134765625 0.53638792745737207123823964138864539563655853271484375 -0.295532445192642378994918317403062246739864349365234375 -0.0177480586455040188764709085944559774361550807952880859375 -0.205668679597899528577187311384477652609348297119140625 -0.34347713496298959423569385762675665318965911865234375 0.255780845185204996905525831607519648969173431396484375 0.58359792840216162534971999775734730064868927001953125 0.50634167312173239405836966398055665194988250732421875 0.42073339024341882552704419140354730188846588134765625 -0.251191215955962998673811625849339179694652557373046875 0.149760083622201223274572612353949807584285736083984375 0.48149955172556335725175813422538340091705322265625 -0.29415028376790919306671412414289079606533050537109375 -0.393194801223229528641667229749145917594432830810546875 0.375295189634918646692796073693898506462574005126953125 0.54832476832192400539867094266810454428195953369140625
0.00566380818149842847619712671303204842843115329742431640625 0.00613244355608900774956548929139898973517119884490966796875 0.007353197538265181243399837285323883406817913055419921875 0.01257565988412141268215638234551079222001135349273681640625 0.02290883985495504107654518577419366920366883277893066406250.0010165247050927676
-0.603983745983075248631166687118820846080780029296875 0.0315985517330457932327902881297632120549678802490234375 0.27897007101460424838279550385777838528156280517578125 0.58231616765184390782650325490976683795452117919921875 0.07673933992311120222407083701909868977963924407958984375 -0.31688833309425923356883458836819045245647430419921875 -0.33313901684268276692790777815389446914196014404296875 0.1355963006047459507019681268502608872950077056884765625 0.5674480257535103877586379894637502729892730712890625 -0.288543786594933349132219291277579031884670257568359375 -0.5430278389147409345838468652800656855106353759765625 -0.329672522323387118259319095159298740327358245849609375 -0.16001648744351537612118363540503196418285369873046875 0.383653987966982634727486356496228836476802825927734375 0.5249185626216803512988917645998299121856689453125 0.431090021140148549338988459567190147936344146728515625 0.362282424053691987086978087972966022789478302001953125 -0.406069076745073420653397988644428551197052001953125 -0.24239039882729029873331683120341040194034576416015625 -0.280964354769697777225445634030620567500591278076171875 -0.323708468111284453083698053887928836047649383544921875 0.478140495202032000943148659644066356122493743896484375 -0.61293963978635279676865366127458401024341583251953125 -0.1720671433811624406740037329655024223029613494873046875 0.421049092789849088713793889837688766419887542724609375 0.28942169278398288678744165736134164035320281982421875 -0.313209777122392452053389888533274643123149871826171875 -0.08325829518443343679745538565839524380862712860107421875
0 0 0 0 00.0
-0.53994731896027958750750030958442948758602142333984375 -0.09281904004307948985452725310096866451203823089599609375 -0.58585781188481356185349113729898817837238311767578125 0.00499027097005803714491189992941144737415015697479248046875 -0.5539200776764421352282852240023203194141387939453125 -0.22256608526458843133610798759036697447299957275390625 0.01497081291017411143473569978823434212245047092437744140625 0.306679234302268899359233955692616291344165802001953125 0.257198214986272599702488150796853005886077880859375 0.49429476587542164889299556307378225028514862060546875 -0.5015107478590044021160565534955821931362152099609375 -0.462338274233840718085986054575187154114246368408203125 -0.326265471114850769129844820781727321445941925048828125 -0.1541127580779468875249449411057867109775543212890625 -0.467554202380889183388035235111601650714874267578125 -0.297534492424202212657036170639912597835063934326171875 -0.3651326903587885919222344455192796885967254638671875 0.453215190697795089480592878317111171782016754150390625 -0.434779318533816960812288243687362410128116607666015625 0.051722863571160793139114275618339888751506805419921875 0.403028649806965788560120245165308006107807159423828125 -0.644304596123486561509707826189696788787841796875 0.0984465407741476339342767687412560917437076568603515625 0.3385600548574345669550211823661811649799346923828125 0.11765562190081059468216295726961106993257999420166015625 -0.62989778527848938605160356019041500985622406005859375 -0.008804162183053854118242043114150874316692352294921875 0.22330556809745683022327966682496480643749237060546875
0 0 0 0 00.0
0.235427115333558589771456581729580648243427276611328125 0.45379429477338106835304643027484416961669921875 0.2130054853017911142831763982030679471790790557861328125 -0.49668784787763187171805157049675472080707550048828125 0.2286031409760641286421645190785056911408901214599609375 0.390428818596646853844589486470795236527919769287109375 -0.49181358047942158595589035030570812523365020751953125 -0.398123148725379072399022106765187345445156097412109375 -0.48721364354504437255144466689671389758586883544921875 -0.0603216892008150151749390488475910387933254241943359375 0.04732932537294716468512234541776706464588642120361328125 0.11785930043851548798539141671426477842032909393310546875 0.362858161192594952382250994560308754444122314453125 0.67281884108601364147261847392655909061431884765625 0.09875605086329651560728137837941176258027553558349609375 0.39413450930126447957491109264083206653594970703125 0.27669488124761454361788537426036782562732696533203125 -0.1236674871171010436921022801470826379954814910888671875 0.155696476586278276244001972372643649578094482421875 -0.82118770222362780231151191401295363903045654296875 -0.2108575140054168850500815324267023243010044097900390625 0.1149855053041265173785490105728968046605587005615234375 -0.473068220452136978249058074652566574513912200927734375 -0.315553829624566406497621073867776431143283843994140625 -0.460467069185931332508943114589783363044261932373046875 0.1244363687537807516836352306199842132627964019775390625 0.53187359302776326952510999035439454019069671630859375 -0.391160737221800280938310834244475699961185455322265625
0 0 0 0 00.004043410199466479
0.57905872753288889498435310088098049163818359375 -0.35209098508281189143787059947499074041843414306640625 -0.04364764277886097609826521193099324591457843780517578125 0.30087775088894830322061579863657243549823760986328125 0.5709111675475015967862191246240399777889251708984375 0.1681889168412109558659039976191706955432891845703125 0.30669743659279646852411360669066198170185089111328125 -0.581770344838881126037222202285192906856536865234375 -0.00803720986493672122363829402047485928051173686981201171875 -0.356728468620652938714243873619125224649906158447265625 0.348073011843028801148847151125664822757244110107421875 0.39505977720727425417379663485917262732982635498046875 -0.07480787643518026219791039466144866310060024261474609375 -0.5013982461895138964536045023123733699321746826171875 0.426601169975797944733386657389928586781024932861328125 -0.047247962645794637503993129712398513220250606536865234375 0.5635517863404200245014408210408873856067657470703125 0.255412899520020275634379913753946311771869659423828125 0.470425367212477019140948186759487725794315338134765625 0.41975363915756680466273564888979308307170867919921875 0.18830709750135543600890741799958050251007080078125 0.41286186408516478696384410795872099697589874267578125 0.358641974957701281656596847824403084814548492431640625 0.52807912848102478431400186309474520385265350341796875 0.372196947239567144105620855043525807559490203857421875 0.423028093296564211556187729001976549625396728515625 -0.295385437642327219887050659963279031217098236083984375 -0.1315961892364478635908398018727893941104412078857421875
0.007623341026698922211213282906783206271938979625701904296875 0.00816686679929780161291130724521281081251800060272216796875 0.0102470686656503488787262057257976266555488109588623046875 0.021283188425811817856558860739824012853205204010009765625 0.041111783411876781646476786136190639808773994445800781250.001731911536746571
-0.019902571510327114745475540757979615591466426849365234375 0.28755784354576074957066111892345361411571502685546875 0.65129449528622185283666112809441983699798583984375 -0.347951853646063680169930876218131743371486663818359375 -0.0295107094808298615895569838585288380272686481475830078125 -0.5044272434513941139044845840544439852237701416015625 -0.3410888979528474695968043306493200361728668212890625 0.053023043411853543194212079470162279903888702392578125 0.64585899866727636275953727817977778613567352294921875 0.285557836206006443457994237178354524075984954833984375 -0.29450148208270465755020950382458977401256561279296875 -0.245950261609200193646529442048631608486175537109375 0.57686515904703317136892337657627649605274200439453125 0.1360711836954795750376234764189575798809528350830078125 -0.2599013567050849626838271433371119201183319091796875 0.6189670714547534924321325888740830123424530029296875 -0.130274744882099946519105060360743664205074310302734375 -0.421934621483816274523093170500942505896091461181640625 -0.21842084092172975307022397828404791653156280517578125 -0.266382687296234210716505685923038981854915618896484375 -0.485451661277078894141112641591462306678295135498046875 -0.2540037376864792140196414038655348122119903564453125 -0.337226805324370049188331677214591763913631439208984375 -0.07715471895596126561400751597830094397068023681640625 -0.3164210384148973265183713010628707706928253173828125 -0.2383994125043747136505345451951143331825733184814453125 0.43432038423524266246289471382624469697475433349609375 0.685723401058037751454321551136672496795654296875
0 0 0 0 00.0
-0.2095226337042370434726734629293787293136119842529296875 -0.63297890392753719535079426350421272218227386474609375 0.133065251580585630630793048112536780536174774169921875 -0.1845269510868894624611158405969035811722278594970703125 -0.2198149736054978153898531445520347915589809417724609375 -0.352145058050279124994830226569320075213909149169921875 0.57563586733479865653606566411326639354228973388671875 -0.438839458314636166047506549148238264024257659912109375 -0.172332575600930126835663713791291229426860809326171875 -0.2056459359401433817371440682109096087515354156494140625 0.5246854253426087577594216782017610967159271240234375 -0.08264275930304827710859427725154091604053974151611328125 -0.2415218624592961049746264734494616277515888214111328125 0.62846935563015782211238047239021398127079010009765625 -0.0860449575627999230231779392852331511676311492919921875 0.41479603680273890997654007151140831410884857177734375 -0.271189969697928023872890435086446814239025115966796875 -0.53822604489282432904673214579815976321697235107421875 0.55958893090841599349261059614946134388446807861328125 0.2118486196546177369182117899981676600873470306396484375 0.31510256872997766119937068651779554784297943115234375 -0.27997616874897179872760943908360786736011505126953125 0.454387552559806728869062908415799029171466827392578125 -0.175941308230228188325128257929463870823383331298828125 -0.055587253904622817290981373616887140087783336639404296875 0.51252468049675170558288073152652941644191741943359375 -0.39727037423579059094436161103658378124237060546875 -0.51048478127089402800464768006349913775920867919921875
0.178517809547062700215036556983250193297863006591796875 0.236223911284104637342551313849980942904949188232421875 0.283166313237191380469681689646677114069461822509765625 0.38455689754427557769389522945857606828212738037109375 0.646139296911916072296833135624183341860771179199218750.03100943557477643
0.44469692870453492172799769832636229693889617919921875 0.098086061405736391094478676677681505680084228515625 -0.5072794464112624357454706114367581903934478759765625 0.46515659795481123506277754131588153541088104248046875 0.4362723590132446815914590843021869659423828125 0.32795646298237013382959048612974584102630615234375 -0.1450229496857820266075833615104784257709980010986328125 0.2169041798642525609164266597872483544051647186279296875 0.483075680818615571521235096952295862138271331787109375 0.449804243199320163970611474724137224256992340087890625 -0.13116624446068370080098475227714516222476959228515625 0.57265262825518004063951593707315623760223388671875 0.4139734642246943874255293849273584783077239990234375 -0.027512919569801945474107895961424219422042369842529296875 0.6363648411685611794297301457845605909824371337890625 -0.2352884793854179423799877213241416029632091522216796875 0.41048790095855991477691304680774919688701629638671875 0.084703852578750460367018604301847517490386962890625 -0.05864112870836570012844646271332749165594577789306640625 -0.48288435615407310219637793125002644956111907958984375 -0.35691452411388013832294063831795938313007354736328125 0.375228025507939599858531209974898956716060638427734375 -0.1050638471422230824092736156671890057623386383056640625 0.53637858804187577010935683574643917381763458251953125 0.72280767018897840170410518112475983798503875732421875 -0.01500912102031758295350716281291170162148773670196533203125 0.1935386657883056693574275186620070599019527435302734375 0.018168935971963388886774026786952163092792034149169921875
0 0 0 0 00.0
0.1949631569333713787539608119914191775023937225341796875 -0.299745117928399140705408854046254418790340423583984375 0.5951958931930676488519793565501458942890167236328125 -0.6553166904852967267203212031745351850986480712890625 0.1829389974749255631802924426665413193404674530029296875 0.028342661580622270645068994099347037263214588165283203125 0.232753372374201072947386137457215227186679840087890625 0.5392136978053116980191816765000112354755401611328125 0.1539705388562758459070067829088657163083553314208984375 0.12102211078826620449522266653730184771120548248291015625 -0.454308133168517647160200567668653093278408050537109375 0.2426778451932249114353368213414796628057956695556640625 -0.56329139523962645785815084309433586895465850830078125 0.2971694762287793167843119590543210506439208984375 0.306271892627913711049103540062787942588329315185546875 0.1560567954262121748154612532744067721068859100341796875 0.045899057478297693168922677386944997124373912811279296875 -0.32963868552595620986522817474906332790851593017578125 -0.4948752924478279080489073749049566686153411865234375 0.7252051081571035950901205069385468959808349609375 0.0158560380379573866160836104199916007928550243377685546875 0.5818605588041076970284848357550799846649169921875 0.2234297383857718755084675876787514425814151763916015625 -0.50522238996466095617421387942158617079257965087890625 -0.36609463730228053446325020559015683829784393310546875 -0.313037443490355837827365803605061955749988555908203125 -0.1574030083087099851635315417297533713281154632568359375 0.315395540993108014493628843410988338291645050048828125
0 0 0 0 00.0
-0.427523984602227902218629651542869396507740020751953125 0.362081166382062502595573505459469743072986602783203125 -0.17755387566290770084975747522548772394657135009765625 0.1400047176677308435888136273206328041851520538330078125 -0.435033816201263245915242805494926869869232177734375 -0.53158879390314661694816322778933681547641754150390625 -0.40392165671954527450537852928391657769680023193359375 -0.11757126902038982085851870351689285598695278167724609375 -0.53076971736950551150613364370656199753284454345703125 -0.56610905834673241887600170230143703520298004150390625 0.2086380323078593779229095162008889019489288330078125 -0.43562533781543277822123627629480324685573577880859375 0.0917463659985700841215106038362137041985988616943359375 -0.377179504660788145198324627926922403275966644287109375 -0.3421767792971739385876617234316654503345489501953125 -0.435923842118317528271376204429543577134609222412109375 -0.50467168818715613110015283382381312549114227294921875 0.327593902858329399929715464168111793696880340576171875 0.2244721337550714956865505200767074711620807647705078125 -0.08072663742931805719305060620172298513352870941162109375 -0.52342110075138481573020499126869253814220428466796875 -0.0286924227470316782484527351471115252934396266937255859375 -0.50017872086041703649783585206023417413234710693359375 0.129503637804170013136939587639062665402889251708984375 0.312514766677128796867890514477039687335491180419921875 0.38230714633207074637510913817095570266246795654296875 0.58703145998656702797546813599183224141597747802734375 -0.37920526279185107210167871016892604529857635498046875
0 0 0 0 00.0
-0.58467688980261545150796109737711958587169647216796875 -0.1935341621297856085082145227715955115854740142822265625 0.340212685007096837797035959738423116505146026611328125 -0.213906179196078849447104630598914809525012969970703125 0.5357840488435117176635458235978148877620697021484375 0.413551946445752438563658870407380163669586181640625 -0.0332742945416122648527590399680775590240955352783203125 0.53492639900686267395713002770207822322845458984375 -0.4003451702859492922215167709509842097759246826171875 0.0863223032704848181051460187518387101590633392333984375 0.252169878057872998144972598311142064630985260009765625 -0.04418070639827963164147917041191249154508113861083984375 -0.1257450874412574248761842454769066534936428070068359375 -0.68174228488422261573731475436943583190441131591796875 0.0361296644738795802442865578996133990585803985595703125 0.48813482853007517103804957514512352645397186279296875 -0.4005011742742821123641761005274020135402679443359375 0.237533326009123191280281162107712589204311370849609375 -0.5050465863689124201840741079649887979030609130859375 0.5204209116769462628582232355256564915180206298828125 -0.1329879139144929112159587702990393154323101043701171875 -0.31688769003141625812958181995782069861888885498046875 -0.46324406645829718787155115933273918926715850830078125 0.485458873594520168293087181154987774789333343505859375 -0.11303416572254641747630188319817534647881984710693359375 -0.472391339984977232102636435229214839637279510498046875 0.36915782446958800289138480366091243922710418701171875 -0.27768508920278744955822958218050189316272735595703125
0.166105190817263881353227361614699475467205047607421875 0.2407663252584307522763396036680205725133419036865234375 0.30623060905359211769649618872790597379207611083984375 0.3721735084225363809906639289692975580692291259765625 0.4584826804877644157443228323245421051979064941406250.028334858397918973
0.1025385405431460672520671550955739803612232208251953125 0.464883321848987396407437699963338673114776611328125 -0.32900402885929691532140850540599785745143890380859375 0.446011197822641480836836080925422720611095428466796875 -0.147831638206376236865935425157658755779266357421875 -0.2610643823644516192672426768695004284381866455078125 0.61334403085624178419976715304073877632617950439453125 -0.134597077390231245619389710554969497025012969970703125 0.2470452686276396192521787043006042949855327606201171875 -0.50942438151492586140278717721230350434780120849609375 -0.37085186302034178762454530442482791841030120849609375 0.54463543129633651407317529447027482092380523681640625 0.476485012364573912169163349972222931683063507080078125 0.01192632331305846539459825095264022820629179477691650390625 -0.578787508171077380580982207902707159519195556640625 -0.2304486598552191456423798854302731342613697052001953125 0.297983742691967201654534846966271288692951202392578125 -0.4235753002480249218564267721376381814479827880859375 0.217415573693741481786645408647018484771251678466796875 -0.2055673135469435752753497581579722464084625244140625 0.50414346924625064172431621045689098536968231201171875 0.395960724491054627538488830396090634167194366455078125 0.23140561820905791723390620973077602684497833251953125 -0.206428503862683410119416294037364423274993896484375 0.6251624796695500752008456402109004557132720947265625 0.2211209240664331054926350361711229197680950164794921875 -0.33719104367605579053446263060322962701320648193359375 0.440037985102303796924871903684106655418872833251953125
0.030403800036290833108676423535143840126693248748779296875 0.037339683373670461141724530307328677736222743988037109375 0.0439362660923210690544493672859971411526203155517578125 0.0948940569636754494009522886699414812028408050537109375 0.1718323628180823958722100996965309605002403259277343750.007040251849690864
0.31703801810419829365628174855373799800872802734375 -0.374339704339327450366425864558550529181957244873046875 0.475791870132670935422680713600129820406436920166015625 -0.388430282921736258483491610604687593877315521240234375 -0.35085540670197945534170003156759776175022125244140625 -0.43539887819643230404409450784442014992237091064453125 -0.263493819491044778402510928572155535221099853515625 -0.468801679853648567419810433420934714376926422119140625 0.59273056184433270399125603944412432610988616943359375 -0.240972826092996916802491114140138961374759674072265625 -0.08825238566003264228942981617365148849785327911376953125 0.279778839645635379884680560280685313045978546142578125 -0.436254700744984014182392684233491308987140655517578125 -0.307318591199120749735129720647819340229034423828125 -0.259751771048549795484206015316885896027088165283203125 0.06870853298703576139683235624033841304481029510498046875 0.5669850486328560368320950146880932152271270751953125 0.458615492539482583200793897049152292311191558837890625 0.491014638175645778961353471459005959331989288330078125 0.09216998327529186962880913824847084470093250274658203125 -0.38264508208227232533005235382006503641605377197265625 0.02431080235236975084500699040290783159434795379638671875 -0.1773788171635866939279679854735150001943111419677734375 0.207992420125830079769002622924745082855224609375 -0.6167740596804918151718766239355318248271942138671875 0.73202527083246693440088392890174873173236846923828125 0.047721204617614698673122575200977735221385955810546875 0.0783348075798580845141572126522078178822994232177734375
0 0 0 0 00.0
-0.487377407107163318489284620227408595383167266845703125 0.317004789149931409664162629269412718713283538818359375 -0.01536146555352090568857814645298276445828378200531005859375 0.2751098830948743856339433477842248976230621337890625 0.3868296325750264497145280984113924205303192138671875 0.135460196244684361044363640758092515170574188232421875 0.64657805011637992098627591985859908163547515869140625 0.1947705881178811992970878463893313892185688018798828125 -0.05453576467300673413785006005127797834575176239013671875 0.4525760211175493541446712697506882250308990478515625 0.62539065202941490628774090509978123009204864501953125 -0.40866410670551800432548361641238443553447723388671875 0.231599935689262348414985126510146073997020721435546875 0.3775008126066570213197337579913437366485595703125 0.39143594778338164363873374895774759352207183837890625 -0.63091912156140761425149321439675986766815185546875 -0.006302188783632262612799390666395993321202695369720458984375 -0.1421493692308165857074442328666918911039829254150390625 -0.101535263736297565184685254280338995158672332763671875 -0.6015089072377903800514786780695430934429168701171875 0.2373824441834818943508622623994597233831882476806640625 -0.481522340337191046000242522495682351291179656982421875 0.3994172271402778306992331636138260364532470703125 -0.382996204500895165434570799334323965013027191162109375 0.1637272551397269404471757070496096275746822357177734375 -0.101906934614992283893997182531165890395641326904296875 -0.46896508773060430197432424392900429666042327880859375 -0.452544065091221636709661879649502225220203399658203125
0 0 0 0 00.0
-0.058473972895215005352032022756247897632420063018798828125 -0.340155046627003410097955793389701284468173980712890625 -0.4897981170470160350305377505719661712646484375 0.284824835715402124858286470043822191655635833740234375 0.01320380033117758179772582849409445771016180515289306640625 0.5438708231651718794097405407228507101535797119140625 -0.5136907081224801885355191188864409923553466796875 -0.52003317444043239969886371909524314105510711669921875 0.357555147799342110115361492717056535184383392333984375 -0.331682850563499720397686587602947838604450225830078125 -0.205426040052588743112238489629817195236682891845703125 -0.431032471949134521338464764994569122791290283203125 -0.493125985315156334376496261029387824237346649169921875 0.1433325266865669578297826092239120043814182281494140625 0.486724190316962401769984580823802389204502105712890625 -0.385198899085203383396702747631934471428394317626953125 -0.1582600128024479191335416317087947390973567962646484375 -0.27411828632574941622124242712743580341339111328125 0.372060331984622794099237808040925301611423492431640625 0.55719468658371285041397413806407712399959564208984375 -0.256202058461321324767112628251197747886180877685546875 -0.176171412049071440808489796836511231958866119384765625 -0.348496286717158765267043918356648646295070648193359375 -0.41311811471769155357236513737007044255733489990234375 0.063852520524335931728643345195450820028781890869140625 0.428504264241627907949805376119911670684814453125 0.23771601014481691382940198309370316565036773681640625 0.65775789214827984352496059727855026721954345703125
0 0 0 0 00.0
0.581846022062298739996322183287702500820159912109375 0.301859966333072271549298193349386565387248992919921875 0.1531173742269207049826462707642349414527416229248046875 -0.356857227279884614556948463359731249511241912841796875 -0.62684378101878157618642717352486215531826019287109375 -0.099370051028899564204976968539995141327381134033203125 0.1293685569998881124131884234884637407958507537841796875 0.0169900463014714016296569099040425498969852924346923828125 -0.297772916757367223095087638284894637763500213623046875 0.342483564919134064741257361674797721207141876220703125 0.56067152794855623643144326706533320248126983642578125 0.1707946759779493672848360574789694510400295257568359375 0.06348912038970892790512579040296259336173534393310546875 -0.66797708353679674520009257321362383663654327392578125 -0.1649336800686144466343563408372574485838413238525390625 0.299090261942607071876665258969296701252460479736328125 0.59896968024917873751888919287011958658695220947265625 0.445873345640034279835361985533381812274456024169921875 -0.31645170194982963352003935142420232295989990234375 -0.0718132291207842776703529352744226343929767608642578125 0.4695480365589741467147177900187671184539794921875 0.4718627755289279690487092011608183383941650390625 0.338910245065431270372613425934105180203914642333984375 0.289053046141620029185759221945772878825664520263671875 -0.55851933556317134854651840214501135051250457763671875 -0.277182284493093511468231326944078318774700164794921875 -0.42437972893482200920090008366969414055347442626953125 -0.10030793593004883046404529522988013923168182373046875
0.00942854323799965053642946344325537211261689662933349609375 0.011234058706144280093131015973995090462267398834228515625 0.0175167005902108936787886506181166623719036579132080078125 0.023859745966065097622088586604149895720183849334716796875 0.360743891773791625077194566983962431550025939941406250.004818748199691273
0.29903690009350458733905497865634970366954803466796875 -0.0206970646842759738170958172531754826195538043975830078125 -0.19055573347247189985864679329097270965576171875 0.68871266966642463724923572954139672219753265380859375 -0.35042271586136219951868042699061334133148193359375 -0.4788872552810061744565928165684454143047332763671875 -0.2176760251277300717287488396323169581592082977294921875 0.300549865827675066753954524756409227848052978515625 -0.478276151835000773449024791261763311922550201416015625 0.506576515848906172578836049069650471210479736328125 0.0650908372319823624874146617003134451806545257568359375 0.397903118035509539840433035351452417671680450439453125 -0.2496092106026453760758698763311258517205715179443359375 0.446579744139426748628096675020060501992702484130859375 -0.3888688085612621581077519294922240078449249267578125 -0.07173308119091244272613749899392132647335529327392578125 0.133218579354551669435835492549813352525234222412109375 -0.52370542734117275784910816582851111888885498046875 -0.492423331784233531127625838053063489496707916259765625 0.22706486602536946062258493839181028306484222412109375 -0.5075250330875835658162031904794275760650634765625 0.1520932430894671172350030019515543244779109954833984375 -0.51862183597645150623378640375449322164058685302734375 -0.0134357988594935619242054514188566827215254306793212890625 0.319772012855946752285518641656381078064441680908203125 -0.52614588333776790562978931120596826076507568359375 0.441231634545768580668578806580626405775547027587890625 -0.365991160932604586708549732065876014530658721923828125
0 0 0 0 00.0
-0.357854188080585500220109906877041794359683990478515625 0.58853705312426873863529408481554128229618072509765625 0.4477613559950466282089109881781041622161865234375 -0.03489817701942900252110035808073007501661777496337890625 0.31526658222636705364294584796880371868610382080078125 0.208797567590820964955611316327122040092945098876953125 0.425284564016431387845074141296208836138248443603515625 -0.387796425688029910983090076115331612527370452880859375 0.140802353343118358264263179080444388091564178466796875 -0.1014720870461579271815111269461340270936489105224609375 -0.71502424127874075754363047963124699890613555908203125 -0.252500309626486008074408573520486243069171905517578125 0.458590905022558725789849631837569177150726318359375 -0.1848522515957140566200678222230635583400726318359375 0.2212771399093129420787562366967904381453990936279296875 0.65068624309966283103534578913240693509578704833984375 -0.56743345778724807448867295534000732004642486572265625 0.038705242294368273625604359722274239175021648406982421875 0.08106192254103543326504421884237672202289104461669921875 -0.440363417047246574753671666258014738559722900390625 0.060613870008161631341980779552613967098295688629150390625 -0.53821748543449798862781108255148865282535552978515625 0.04285402380652547638106852900818921625614166259765625 0.7256130471647279644997752257040701806545257568359375 -0.311599596830498815069887541540083475410938262939453125 0.032685272394807569906749478150231880135834217071533203125 -0.147446895469909688980436612837365828454494476318359375 0.2491344095870887953569905448603094555437564849853515625
0.00911016954626644830106396710789340431801974773406982421875 0.0098793992672174431313170117618938093073666095733642578125 0.01165846352542350937431248070197398192249238491058349609375 0.021403602042098589242069550664382404647767543792724609375 0.040831323075581613113449463980941800400614738464355468750.0018526490713568714
-0.423717897821925759682670786787639372050762176513671875 -0.534705396296427437619058764539659023284912109375 -0.228333655715771743910380564557272009551525115966796875 -0.40406386163373275710597454235539771616458892822265625 -0.061852408004019178433541270578643889166414737701416015625 0.130063474774806675515748111138236708939075469970703125 -0.54626659405418809267729329803842119872570037841796875 -0.490098112184879031172357599643873982131481170654296875 0.31462398763977983406903149443678557872772216796875 0.4286262851149398311889626711490564048290252685546875 -0.4364499721965684475577518242062069475650787353515625 -0.1078551147681660882238219301143544726073741912841796875 0.11120812351743548929139393521836609579622745513916015625 0.51245150384667514931180676285293884575366973876953125 -0.249170471593531284160150107709341682493686676025390625 -0.38225855731114444235885230227722786366939544677734375 0.6558285112862380916709525990881957113742828369140625 -0.05545336904900548258279258106995257548987865447998046875 0.55527306874404158687497101709595881402492523193359375 0.0273569953975093711762145431976023246534168720245361328125 -0.222552854450008663622639915047329850494861602783203125 0.522465561838182157572418873314745724201202392578125 -0.473785130290962641641527852698345668613910675048828125 -0.3764242671965234432462921176920644938945770263671875 -0.460199893580110652724357578335911966860294342041015625 -0.33680066012320519774903004872612655162811279296875 -0.187363056303833486193610724512836895883083343505859375 -0.0232081127143721234473705550271915853954851627349853515625
0 0 0 0 00.0
0.201710189721760746461853841537958942353725433349609375 0.06862305423523819281061975061675184406340122222900390625 0.4359990011511598595461691729724407196044921875 0.225277703297499132251147102579125203192234039306640625 0.63562970438094368308412640544702298939228057861328125 -0.553836569029851677470333015662617981433868408203125 0.054759810955392097808758222754477174021303653717041015625 0.11138080122227274337820546179500524885952472686767578125 -0.349296254173249887120533685447298921644687652587890625 -0.1947269790076469053730079394881613552570343017578125 0.184119283653144727441741679285769350826740264892578125 0.62964248854223570095456352646579034626483917236328125 -0.62509633339030623577770029442035593092441558837890625 -0.0810731002094094155285830538559821434319019317626953125 0.382861130537175020638329669964150525629520416259765625 0.282548170571102985615397074070642702281475067138671875 -0.0763493084186215031916589168758946470916271209716796875 0.5288722167100132764971931464970111846923828125 -0.1521413226152092956766637144028209149837493896484375 -0.55004939714729506050616691936738789081573486328125 0.4029237225303894387451464353944174945354461669921875 -0.074273721595249420079909441483323462307453155517578125 0.137516692458531097909002482992946170270442962646484375 0.264002634185094453567188566012191586196422576904296875 0.15516589362967947440807847669930197298526763916015625 0.315479470934277250737665099222795106470584869384765625 0.50962068381690939222750102999270893633365631103515625 0.72288186463495229805431563363526947796344757080078125
0.00880643686643538085856430797093707951717078685760498046875 0.00972009925703856518530709962533364887349307537078857421875 0.01180767701033846352187683947931873262859880924224853515625 0.0226995077048249872808671767643318162299692630767822265625 0.0419664907890280325375442771473899483680725097656250.0018104837998820973
0.5532172940661492788194664171896874904632568359375 -0.28453143517972556697515074120019562542438507080078125 -0.62486685643586226124313043328584171831607818603515625 -0.1288314246455416200998200793037540279328823089599609375 0.279019930382055358908388598138117231428623199462890625 -0.1977252346164194707345274082399555481970310211181640625 -0.29831019717390117040878294574213214218616485595703125 0.36201671576488381187886034240364097058773040771484375 -0.53451026470293161452218555496074259281158447265625 -0.422444392144454672344267009975737892091274261474609375 0.4147535969688729284854389334213919937610626220703125 0.1752402615007555841675213059716043062508106231689453125 0.390582526417044550992585527637857012450695037841796875 0.2224837175793291932368589414181769825518131256103515625 0.11355463619851198509014267301608924753963947296142578125 -0.0032444181771003424187560515434824992553330957889556884765625 -0.4211254793876244573169742579921148717403411865234375 -0.380894693991580213232595042427419684827327728271484375 -0.5093736538047537454332314155180938541889190673828125 0.35623711584561756904321327965590171515941619873046875 -0.52754239559651561197739511044346727430820465087890625 -0.39459181251406316714991362459841184318065643310546875 -0.2092044682986468895347087482150527648627758026123046875 -0.098487026614439920901844516265555284917354583740234375 -0.1937555229473621742908306941899354569613933563232421875 0.60572739898162064609010712956660427153110504150390625 -0.54264420546387481802952379439375363290309906005859375 0.303185552518962120327472575809224508702754974365234375
0 0 0 0 00.0
-0.1422986667731341581255577466436079703271389007568359375 0.39341396107866499765037815450341440737247467041015625 0.0753345882916592601841188070466159842908382415771484375 0.538932054701870111301786891999654471874237060546875 -0.39856504403877845987835826235823333263397216796875 0.47454351770045188896318677507224492728710174560546875 0.3805362536783813975915791161241941154003143310546875 -0.326287559429217444151305471677915193140506744384765625 0.0455908644681920216523707267697318457067012786865234375 0.227954322340960136017429249477572739124298095703125 -0.24046946160673832171283947900519706308841705322265625 -0.6302266558838309773449282147339545190334320068359375 -0.279802756442041278273080706640030257403850555419921875 -0.5533479432511934081873050672584213316440582275390625 -0.54598093319177676274733812533668242394924163818359375 0.6553057372466672969579803975648246705532073974609375 0.24115765600343497254698377219028770923614501953125 0.281029055129336235996362347577814944088459014892578125 0.153697812759522545178469954407773911952972412109375 -0.305466364271017642995076357692596502602100372314453125 0.1356913744445994163267954490947886370122432708740234375 0.271932054544945567275959774633520282804965972900390625 0.462482983277170245361986644638818688690662384033203125 0.576284232381137684342320426367223262786865234375 0.478362227338188950032105140053317882120609283447265625 -0.0549157190443564091619776945663033984601497650146484375 0.1197559656268495087427794487666687928140163421630859375 -0.365884248572639680929796668351627886295318603515625
0.009340997897515058989714731296771788038313388824462890625 0.010097167246737960566438374598874361254274845123291015625 0.0123562037497580261280472058160739834420382976531982421875 0.02381200915514213034551715963971219025552272796630859375 0.0403416607591769935114989209523628233000636100769042968750.0018888905902971348
-0.307820165699882630772066249846830032765865325927734375 -0.1013160713100242638073922307739849202334880828857421875 0.571112886046952095142614780343137681484222412109375 0.374933996376586586851686888621770776808261871337890625 -0.56465963309726896479645574800088070333003997802734375 0.310401466879755838501608877777471207082271575927734375 -0.1142225772093904134774078329428448341786861419677734375 0.438013936292521555149193090983317233622074127197265625 -0.343230592701352976714446185724227689206600189208984375 -0.000478703755510952546660397022293409463600255548954010009765625 0.483969496821573030853613772706012241542339324951171875 -0.46003430904602538031866743040154688060283660888671875 0.46290653157909111836687543473090045154094696044921875 -0.173769463250475764137803480480215512216091156005859375 -0.51066543649801932058807096836972050368785858154296875 0.6570619359999809727668207415263168513774871826171875 0.10247754965137319260737314152720500715076923370361328125 0.15586921417561805380813666488393209874629974365234375 -0.45555146021492787244966393700451590120792388916015625 0.252318672671028088050348969773040153086185455322265625 -0.03875201457404868488065829978950205259025096893310546875 0.37709268387754668605538199699367396533489227294921875 -0.039009587987332415559560416795648052357137203216552734375 0.34769415380013679595094799879007041454315185546875 0.553483864342006359748893373762257397174835205078125 0.3872690981351116779052290439722128212451934814453125 -0.33186417606614682096477508821408264338970184326171875 0.411014064736096640384488409836194477975368499755859375
0.006540578999071675232734879301688124542124569416046142578125 0.007048560881964489877038460008407128043472766876220703125 0.0083718382946987544845907081025870866142213344573974609375 0.015900341698887814068097412700808490626513957977294921875 0.02724633128062904988131442962639994220808148384094238281250.0012009025237566854
0.3606084558251942961959457534248940646648406982421875 0.57156769872110313457369556999765336513519287109375 -0.0916354211329104273442425210305373184382915496826171875 -0.292046701884023873763140954906702972948551177978515625 0.09822789747340758548244110670566442422568798065185546875 -0.357971465288995427389551196029060520231723785400390625 0.55838274604010884605287401427631266415119171142578125 -0.08625385750368148862765593776202877052128314971923828125 0.242935176638809313676148349259165115654468536376953125 0.80952014886482714928206405602395534515380859375 -0.010287157316952837138313014975210535340011119842529296875 0.049853146997540676021998251599143259227275848388671875 -0.045105228235870133135509973953958251513540744781494140625 0.52306238357737122601776036390219815075397491455078125 0.2296786561931864201202557751457788981497287750244140625 -0.1390861467898414360888637020252645015716552734375 -0.482271888294277750741656518584932200610637664794921875 -0.44923226721776365888416648886050097644329071044921875 0.2637840714979751144397823736653663218021392822265625 -0.38954779043438347851946446098736487329006195068359375 0.52170627474043962390481965485378168523311614990234375 -0.28197970157719198791568260276108048856258392333984375 0.754315448196690052640178691945038735866546630859375 -0.323052375196278773739066991765866987407207489013671875 -0.03554365986267125909758846091790474019944667816162109375 -0.26776223763212347872553209526813589036464691162109375 0.3451684302219408806422507041133940219879150390625 -0.23458815509363029061518091111793182790279388427734375
0.0260194820746953159318337611694005317986011505126953125 0.0304108592114890712021502139350559446029365062713623046875 0.03791852486698542301635228568557067774236202239990234375 0.0757695416178074676594178527011536061763763427734375 0.1554428380922969199495753400697140023112297058105468750.0062787114831533136
0.028527226012449773129286967332518543116748332977294921875 -0.54527754863796851214630123649840243160724639892578125 0.304018722932679008597034453487140126526355743408203125 0.056239388424543838851388244393092463724315166473388671875 0.5387570398351229083999669455806724727153778076171875 -0.025266971611026943500544206244740053080022335052490234375 -0.5615788206450826880455906575662083923816680908203125 -0.36488886152251820416125838164589367806911468505859375 0.4812302376601327313920819506165571510791778564453125 0.300254763668287905087339595411322079598903656005859375 -0.3084809215770081269880620311596430838108062744140625 0.33786005696529464170652090615476481616497039794921875 0.2673501320334070729956010836758650839328765869140625 -0.514134869295013618994971693609841167926788330078125 0.499840180499919795042984560495824553072452545166015625 0.1330433566335947614955870221820077858865261077880859375 -0.208310912976106543670340442986343987286090850830078125 0.3673268770800046656432868985575623810291290283203125 0.53376358617541808104789424760383553802967071533203125 0.426692837012126624518515427553211338818073272705078125 -0.295239640019570870332898948618094436824321746826171875 -0.5282965672363653109044889788492582738399505615234375 -0.3532109385090083097935576006420888006687164306640625 0.06261742971846447070038976789874141104519367218017578125 0.28390621047109620977977328948327340185642242431640625 -0.51735371544090547057948015208239667117595672607421875 -0.04559521581441587645411317453181254677474498748779296875 -0.491820394584832565332277454217546619474887847900390625
0.172038443156816656109953100894927047193050384521484375 0.47102907603677313108647695116815157234668731689453125 0.5249579240129425006244900941965170204639434814453125 0.6131263190855424927150352232274599373340606689453125 0.6382253877178705181449913652613759040832519531250.04265313976097115
-0.51625274269985099717672483166097663342952728271484375 0.1853081129003509575081665161633281968533992767333984375 -0.339818539431347821366813377608195878565311431884765625 -0.4985049234361553782690634761820547282695770263671875 -0.1894840703741616783073453689212328754365444183349609375 0.518340721436756357576314258039928972721099853515625 0.174868219215824127754643768639652989804744720458984375 0.35842873666784225150649945135228335857391357421875 -0.1823272729948080816964051109607680700719356536865234375 -0.456262883152861231650376794277690351009368896484375 0.443811264509313352366604021881357766687870025634765625 -0.39934119792521383107697374725830741226673126220703125 -0.5060693577270527487854678838630206882953643798828125 0.1325207984206166200724652526332647539675235748291015625 -0.06899801815740451427227952763132634572684764862060546875 -0.6584625683416505115275185744394548237323760986328125 0.5375030797200277543623769815894775092601776123046875 -0.28195486432223326733748081096564419567584991455078125 -0.01448106553920835461168881153071197331883013248443603515625 -0.1865501972403899866304044508069637231528759002685546875 0.397803388635900090353203495396883226931095123291015625 0.1009923300887699826322574381265440024435520172119140625 0.2886425950279039032153605148778297007083892822265625 -0.600089909753271921744044448132626712322235107421875 -0.36292082489964438973828464440884999930858612060546875 0.11272047164746586134231876030753483064472675323486328125 0.6183336855112433472214661378529854118824005126953125 0.140086135284422874658361024557962082326412200927734375
0 0 0 0 00.0
-0.59034665430013799625186265984666533768177032470703125 -0.59034665430013799625186265984666533768177032470703125 0.1583560912356999084149578038704930804669857025146484375 0.206894356748558105874025159209850244224071502685546875 -0.424103094918598599871728538346360437572002410888671875 0.2044674434729152057155232569130021147429943084716796875 0.115885108911948975229933012087712995707988739013671875 0.147884851584120735612515318280202336609363555908203125 -0.5281601842290026826987059394014067947864532470703125 0.2460940966515677008619178423032280988991260528564453125 -0.436802746956958920510061261666123755276203155517578125 0.37399450883242890686375403674901463091373443603515625 0.415105355604848569317510964538087137043476104736328125 0.368284669002926168257516792436945252120494842529296875 0.595930947451809966963764964020811021327972412109375 -0.2057459919135299075687584036131738685071468353271484375 -0.3788655967598657525741145946085453033447265625 -0.16712700314011652569234911425155587494373321533203125 0.446781749430351371454861464371788315474987030029296875 0.227053020202309718822419881689711473882198333740234375 -0.424143031873522813324228764031431637704372406005859375 0.456866863559969471619837122489116154611110687255859375 0.390033768090625343472055419624666683375835418701171875 0.379591096923540316510070624644868075847625732421875 -0.5163900892123540753431143457419238984584808349609375 0.466265267610345979232278068593586795032024383544921875 -0.0140976060755647718270022750175485271029174327850341796875 0.10390457811249591280056137065912480466067790985107421875
0 0 0 0 00.0
